kabupaten_kota,provinsi,latitude,longitude,sewa_2024,rumah_layak_huni,ketahanan_bangunan,luas_lantai_7_2,akses_air_minum,akses_sanitasi,cuci_tangan,status_milik_sendiri,status_kontrak_sewa,listrik_pln,latitude,longitude
Simeulue,Aceh,2.61330075393744,96.0856764991656,4586.0,67.76,95.23,93.04,90.08,81.1,72.94,85.14,4.0,99.73,2.61330075393744,96.0856764991656
Aceh Singkil,Aceh,2.349932873671207,97.84708811266565,4586.0,67.76,95.23,93.04,90.08,81.1,72.94,85.14,4.0,99.73,2.349932873671207,97.84708811266565
Aceh Selatan,Aceh,3.162864197205998,97.43535097868704,4586.0,67.76,95.23,93.04,90.08,81.1,72.94,85.14,4.0,99.73,3.162864197205998,97.43535097868704
Aceh Tenggara,Aceh,3.369588141375133,97.69553624399175,4586.0,67.76,95.23,93.04,90.08,81.1,72.94,85.14,4.0,99.73,3.369588141375133,97.69553624399175
Aceh Timur,Aceh,4.628775218253062,97.62863899191314,4586.0,67.76,95.23,93.04,90.08,81.1,72.94,85.14,4.0,99.73,4.628775218253062,97.62863899191314
Aceh Tengah,Aceh,4.529983163965492,96.85903292978816,4586.0,67.76,95.23,93.04,90.08,81.1,72.94,85.14,4.0,99.73,4.529983163965492,96.85903292978816
Aceh Barat,Aceh,4.456642791653158,96.18545294650336,4586.0,67.76,95.23,93.04,90.08,81.1,72.94,85.14,4.0,99.73,4.456642791653158,96.18545294650336
Aceh Besar,Aceh,5.37993835388722,95.51560772870164,4586.0,67.76,95.23,93.04,90.08,81.1,72.94,85.14,4.0,99.73,5.37993835388722,95.51560772870164
Pidie,Aceh,5.06823430261328,96.00719580581875,4586.0,67.76,95.23,93.04,90.08,81.1,72.94,85.14,4.0,99.73,5.06823430261328,96.00719580581875
Bireuen,Aceh,5.093660197110013,96.60626620483842,4586.0,67.76,95.23,93.04,90.08,81.1,72.94,85.14,4.0,99.73,5.093660197110013,96.60626620483842
Aceh Utara,Aceh,5.014810884562706,97.18200393770852,4586.0,67.76,95.23,93.04,90.08,81.1,72.94,85.14,4.0,99.73,5.014810884562706,97.18200393770852
Aceh Barat Daya,Aceh,3.824899346498327,96.87832041328232,4586.0,67.76,95.23,93.04,90.08,81.1,72.94,85.14,4.0,99.73,3.824899346498327,96.87832041328232
Gayo Lues,Aceh,3.981926876475737,97.35753019373718,4586.0,67.76,95.23,93.04,90.08,81.1,72.94,85.14,4.0,99.73,3.981926876475737,97.35753019373718
Aceh Tamiang,Aceh,4.2277264896274405,97.9768813223268,4586.0,67.76,95.23,93.04,90.08,81.1,72.94,85.14,4.0,99.73,4.2277264896274405,97.9768813223268
Nagan Raya,Aceh,4.1554101886194985,96.50678160781855,4586.0,67.76,95.23,93.04,90.08,81.1,72.94,85.14,4.0,99.73,4.1554101886194985,96.50678160781855
Aceh Jaya,Aceh,4.832183582492392,95.6787063349432,4586.0,67.76,95.23,93.04,90.08,81.1,72.94,85.14,4.0,99.73,4.832183582492392,95.6787063349432
Bener Meriah,Aceh,4.76731428123898,97.00711786140104,4586.0,67.76,95.23,93.04,90.08,81.1,72.94,85.14,4.0,99.73,4.76731428123898,97.00711786140104
Pidie Jaya,Aceh,5.124714216277392,96.21353375772544,4586.0,67.76,95.23,93.04,90.08,81.1,72.94,85.14,4.0,99.73,5.124714216277392,96.21353375772544
Kota Banda Aceh,Aceh,5.5582585458478375,95.32792893073972,4586.0,67.76,95.23,93.04,90.08,81.1,72.94,85.14,4.0,99.73,5.5582585458478375,95.32792893073972
Kota Sabang,Aceh,5.837818274585294,95.30560099195452,4586.0,67.76,95.23,93.04,90.08,81.1,72.94,85.14,4.0,99.73,5.837818274585294,95.30560099195452
Kota Langsa,Aceh,4.4836496210620185,97.98270912032424,4586.0,67.76,95.23,93.04,90.08,81.1,72.94,85.14,4.0,99.73,4.4836496210620185,97.98270912032424
Kota Lhokseumawe,Aceh,5.16438222124501,97.11032437882828,4586.0,67.76,95.23,93.04,90.08,81.1,72.94,85.14,4.0,99.73,5.16438222124501,97.11032437882828
Kota Subulussalam,Aceh,2.7356148986637305,97.93724083673816,4586.0,67.76,95.23,93.04,90.08,81.1,72.94,85.14,4.0,99.73,2.7356148986637305,97.93724083673816
Nias,Sumatera Utara,1.0659380543481671,97.7283721103582,9789.0,73.47,93.81,92.99,92.94,85.73,74.45,72.93,9.5,99.23,1.0659380543481671,97.7283721103582
Mandailing Natal,Sumatera Utara,0.7743692720110582,99.3694323950025,9789.0,73.47,93.81,92.99,92.94,85.73,74.45,72.93,9.5,99.23,0.7743692720110582,99.3694323950025
Tapanuli Selatan,Sumatera Utara,1.4927516224374695,99.25806495213416,9789.0,73.47,93.81,92.99,92.94,85.73,74.45,72.93,9.5,99.23,1.4927516224374695,99.25806495213416
Tapanuli Tengah,Sumatera Utara,1.833899571929504,98.65973910759396,9789.0,73.47,93.81,92.99,92.94,85.73,74.45,72.93,9.5,99.23,1.833899571929504,98.65973910759396
Tapanuli Utara,Sumatera Utara,1.989765292401192,99.069738070246,9789.0,73.47,93.81,92.99,92.94,85.73,74.45,72.93,9.5,99.23,1.989765292401192,99.069738070246
Toba Samosir,Sumatera Utara,2.379734143642217,99.26420792560832,9789.0,73.47,93.81,92.99,92.94,85.73,74.45,72.93,9.5,99.23,2.379734143642217,99.26420792560832
Labuhan Batu,Sumatera Utara,2.2793779375785164,100.05650117699756,9789.0,73.47,93.81,92.99,92.94,85.73,74.45,72.93,9.5,99.23,2.2793779375785164,100.05650117699756
Asahan,Sumatera Utara,2.802539175504701,99.56285616535487,9789.0,73.47,93.81,92.99,92.94,85.73,74.45,72.93,9.5,99.23,2.802539175504701,99.56285616535487
Simalungun,Sumatera Utara,2.9770245290582444,99.0332350727967,9789.0,73.47,93.81,92.99,92.94,85.73,74.45,72.93,9.5,99.23,2.9770245290582444,99.0332350727967
Dairi,Sumatera Utara,2.843626106152995,98.26728807093224,9789.0,73.47,93.81,92.99,92.94,85.73,74.45,72.93,9.5,99.23,2.843626106152995,98.26728807093224
Karo,Sumatera Utara,3.120679894629059,98.29603250779104,9789.0,73.47,93.81,92.99,92.94,85.73,74.45,72.93,9.5,99.23,3.120679894629059,98.29603250779104
Deli Serdang,Sumatera Utara,3.480872887902481,98.694353947794,9789.0,73.47,93.81,92.99,92.94,85.73,74.45,72.93,9.5,99.23,3.480872887902481,98.694353947794
Langkat,Sumatera Utara,3.7107408658278698,98.22034601408176,9789.0,73.47,93.81,92.99,92.94,85.73,74.45,72.93,9.5,99.23,3.7107408658278698,98.22034601408176
Nias Selatan,Sumatera Utara,0.3204254942983459,98.10360671246238,9789.0,73.47,93.81,92.99,92.94,85.73,74.45,72.93,9.5,99.23,0.3204254942983459,98.10360671246238
Humbang Hasundutan,Sumatera Utara,2.270726316564301,98.57243150109733,9789.0,73.47,93.81,92.99,92.94,85.73,74.45,72.93,9.5,99.23,2.270726316564301,98.57243150109733
Pakpak Bharat,Sumatera Utara,2.5541773388086084,98.24060477639514,9789.0,73.47,93.81,92.99,92.94,85.73,74.45,72.93,9.5,99.23,2.5541773388086084,98.24060477639514
Samosir,Sumatera Utara,2.5587223588770813,98.72129063005322,9789.0,73.47,93.81,92.99,92.94,85.73,74.45,72.93,9.5,99.23,2.5587223588770813,98.72129063005322
Serdang Bedagai,Sumatera Utara,3.36716790342862,99.05853860444029,9789.0,73.47,93.81,92.99,92.94,85.73,74.45,72.93,9.5,99.23,3.36716790342862,99.05853860444029
Batu Bara,Sumatera Utara,3.234237937973284,99.47562412048092,9789.0,73.47,93.81,92.99,92.94,85.73,74.45,72.93,9.5,99.23,3.234237937973284,99.47562412048092
Padang Lawas Utara,Sumatera Utara,1.5932560770033484,99.75745203915962,9789.0,73.47,93.81,92.99,92.94,85.73,74.45,72.93,9.5,99.23,1.5932560770033484,99.75745203915962
Padang Lawas,Sumatera Utara,1.1404033531003548,99.84412105997292,9789.0,73.47,93.81,92.99,92.94,85.73,74.45,72.93,9.5,99.23,1.1404033531003548,99.84412105997292
Labuhan Batu Selatan,Sumatera Utara,1.838873671687856,100.13053630729472,9789.0,73.47,93.81,92.99,92.94,85.73,74.45,72.93,9.5,99.23,1.838873671687856,100.13053630729472
Labuhan Batu Utara,Sumatera Utara,2.4091045540976297,99.754625283727,9789.0,73.47,93.81,92.99,92.94,85.73,74.45,72.93,9.5,99.23,2.4091045540976297,99.754625283727
Nias Utara,Sumatera Utara,1.3127819954952034,97.35547737413172,9789.0,73.47,93.81,92.99,92.94,85.73,74.45,72.93,9.5,99.23,1.3127819954952034,97.35547737413172
Nias Barat,Sumatera Utara,1.025366735231171,97.48965275268225,9789.0,73.47,93.81,92.99,92.94,85.73,74.45,72.93,9.5,99.23,1.025366735231171,97.48965275268225
Kota Sibolga,Sumatera Utara,1.7383641877390714,98.78590566364493,9789.0,73.47,93.81,92.99,92.94,85.73,74.45,72.93,9.5,99.23,1.7383641877390714,98.78590566364493
Kota Tanjung Balai,Sumatera Utara,2.964415419755293,99.79498810042983,9789.0,73.47,93.81,92.99,92.94,85.73,74.45,72.93,9.5,99.23,2.964415419755293,99.79498810042983
Kota Pematang Siantar,Sumatera Utara,2.962598427932324,99.05897455208054,9789.0,73.47,93.81,92.99,92.94,85.73,74.45,72.93,9.5,99.23,2.962598427932324,99.05897455208054
Kota Tebing Tinggi,Sumatera Utara,3.3283604417706654,99.15570794468296,9789.0,73.47,93.81,92.99,92.94,85.73,74.45,72.93,9.5,99.23,3.3283604417706654,99.15570794468296
Kota Medan,Sumatera Utara,3.627728310371873,98.66799797922798,9789.0,73.47,93.81,92.99,92.94,85.73,74.45,72.93,9.5,99.23,3.627728310371873,98.66799797922798
Kota Binjai,Sumatera Utara,3.599491912561549,98.48871144455136,9789.0,73.47,93.81,92.99,92.94,85.73,74.45,72.93,9.5,99.23,3.599491912561549,98.48871144455136
Kota Padangsidimpuan,Sumatera Utara,1.396311747184501,99.28079508956353,9789.0,73.47,93.81,92.99,92.94,85.73,74.45,72.93,9.5,99.23,1.396311747184501,99.28079508956353
Kota Gunungsitoli,Sumatera Utara,1.2650962093762914,97.5830887565814,9789.0,73.47,93.81,92.99,92.94,85.73,74.45,72.93,9.5,99.23,1.2650962093762914,97.5830887565814
Danau Toba,Sumatera Utara,2.6047547134003946,98.8114534941772,9789.0,73.47,93.81,92.99,92.94,85.73,74.45,72.93,9.5,99.23,2.6047547134003946,98.8114534941772
Kepulauan Mentawai,Sumatera Barat,-1.851426861633218,99.33852345739726,8221.0,62.29,97.68,95.46,86.85,72.82,86.83,72.63,7.14,98.95,-1.851426861633218,99.33852345739726
Pesisir Selatan,Sumatera Barat,-1.738282748828916,100.88070250083824,8221.0,62.29,97.68,95.46,86.85,72.82,86.83,72.63,7.14,98.95,-1.738282748828916,100.88070250083824
Solok,Sumatera Barat,-0.9624256395106212,100.81872149615062,8221.0,62.29,97.68,95.46,86.85,72.82,86.83,72.63,7.14,98.95,-0.9624256395106212,100.81872149615062
Sijunjung,Sumatera Barat,-0.6840858094949186,101.08951101573189,8221.0,62.29,97.68,95.46,86.85,72.82,86.83,72.63,7.14,98.95,-0.6840858094949186,101.08951101573189
Tanah Datar,Sumatera Barat,-0.4605383095545835,100.58604729873066,8221.0,62.29,97.68,95.46,86.85,72.82,86.83,72.63,7.14,98.95,-0.4605383095545835,100.58604729873066
Padang Pariaman,Sumatera Barat,-0.5623419077902755,100.22770237006068,8221.0,62.29,97.68,95.46,86.85,72.82,86.83,72.63,7.14,98.95,-0.5623419077902755,100.22770237006068
Agam,Sumatera Barat,-0.2494297465965396,100.16851369839492,8221.0,62.29,97.68,95.46,86.85,72.82,86.83,72.63,7.14,98.95,-0.2494297465965396,100.16851369839492
Lima Puluh Kota,Sumatera Barat,0.0297824276785084,100.56592288409354,8221.0,62.29,97.68,95.46,86.85,72.82,86.83,72.63,7.14,98.95,0.0297824276785084,100.56592288409354
Pasaman,Sumatera Barat,0.3872921033224694,100.08276000441212,8221.0,62.29,97.68,95.46,86.85,72.82,86.83,72.63,7.14,98.95,0.3872921033224694,100.08276000441212
Solok Selatan,Sumatera Barat,-1.4063567118251674,101.2525787263994,8221.0,62.29,97.68,95.46,86.85,72.82,86.83,72.63,7.14,98.95,-1.4063567118251674,101.2525787263994
Dharmasraya,Sumatera Barat,-1.130987455355893,101.5541938465957,8221.0,62.29,97.68,95.46,86.85,72.82,86.83,72.63,7.14,98.95,-1.130987455355893,101.5541938465957
Pasaman Barat,Sumatera Barat,0.2069527354243694,99.67811627716716,8221.0,62.29,97.68,95.46,86.85,72.82,86.83,72.63,7.14,98.95,0.2069527354243694,99.67811627716716
Kota Padang,Sumatera Barat,-0.8957171035216385,100.43535432369038,8221.0,62.29,97.68,95.46,86.85,72.82,86.83,72.63,7.14,98.95,-0.8957171035216385,100.43535432369038
Kota Solok,Sumatera Barat,-0.7823512936590555,100.63036480526782,8221.0,62.29,97.68,95.46,86.85,72.82,86.83,72.63,7.14,98.95,-0.7823512936590555,100.63036480526782
Kota Sawah Lunto,Sumatera Barat,-0.6537714054955911,100.75703095387856,8221.0,62.29,97.68,95.46,86.85,72.82,86.83,72.63,7.14,98.95,-0.6537714054955911,100.75703095387856
Kota Padang Panjang,Sumatera Barat,-0.4711941006286114,100.40371610312086,8221.0,62.29,97.68,95.46,86.85,72.82,86.83,72.63,7.14,98.95,-0.4711941006286114,100.40371610312086
Kota Bukittinggi,Sumatera Barat,-0.3000989630927661,100.37204264352982,8221.0,62.29,97.68,95.46,86.85,72.82,86.83,72.63,7.14,98.95,-0.3000989630927661,100.37204264352982
Kota Payakumbuh,Sumatera Barat,-0.2260714551002925,100.63098061893533,8221.0,62.29,97.68,95.46,86.85,72.82,86.83,72.63,7.14,98.95,-0.2260714551002925,100.63098061893533
Kota Pariaman,Sumatera Barat,-0.6076520943095929,100.1372124357522,8221.0,62.29,97.68,95.46,86.85,72.82,86.83,72.63,7.14,98.95,-0.6076520943095929,100.1372124357522
Danau,Sumatera Barat,-0.6117948654134421,100.54072518896388,8221.0,62.29,97.68,95.46,86.85,72.82,86.83,72.63,7.14,98.95,-0.6117948654134421,100.54072518896388
Kuantan Singingi,Riau,-0.4788216508983854,101.50347823681554,10548.0,74.8,96.31,94.63,92.24,86.32,75.19,78.46,7.98,96.6,-0.4788216508983854,101.50347823681554
Indragiri Hulu,Riau,-0.5331907022290001,102.32757382107948,10548.0,74.8,96.31,94.63,92.24,86.32,75.19,78.46,7.98,96.6,-0.5331907022290001,102.32757382107948
Indragiri Hilir,Riau,-0.2333074020585781,103.15731455476802,10548.0,74.8,96.31,94.63,92.24,86.32,75.19,78.46,7.98,96.6,-0.2333074020585781,103.15731455476802
Pelalawan,Riau,0.2194241251108827,102.26762391310828,10548.0,74.8,96.31,94.63,92.24,86.32,75.19,78.46,7.98,96.6,0.2194241251108827,102.26762391310828
Siak,Riau,0.826470805914191,101.8248951341538,10548.0,74.8,96.31,94.63,92.24,86.32,75.19,78.46,7.98,96.6,0.826470805914191,101.8248951341538
Kampar,Riau,0.3271751397974591,101.07087982360066,10548.0,74.8,96.31,94.63,92.24,86.32,75.19,78.46,7.98,96.6,0.3271751397974591,101.07087982360066
Rokan Hulu,Riau,0.9400854045461754,100.47480623817368,10548.0,74.8,96.31,94.63,92.24,86.32,75.19,78.46,7.98,96.6,0.9400854045461754,100.47480623817368
Bengkalis,Riau,1.4060964580583748,101.66334536328304,10548.0,74.8,96.31,94.63,92.24,86.32,75.19,78.46,7.98,96.6,1.4060964580583748,101.66334536328304
Rokan Hilir,Riau,1.773661858430487,100.74504622695883,10548.0,74.8,96.31,94.63,92.24,86.32,75.19,78.46,7.98,96.6,1.773661858430487,100.74504622695883
Kepulauan Meranti,Riau,1.0028048016130533,102.65034645204184,10548.0,74.8,96.31,94.63,92.24,86.32,75.19,78.46,7.98,96.6,1.0028048016130533,102.65034645204184
Kota Pekanbaru,Riau,0.5498894668021579,101.46443621730756,10548.0,74.8,96.31,94.63,92.24,86.32,75.19,78.46,7.98,96.6,0.5498894668021579,101.46443621730756
Kota Dumai,Riau,1.7976652614653554,101.31165373683956,10548.0,74.8,96.31,94.63,92.24,86.32,75.19,78.46,7.98,96.6,1.7976652614653554,101.31165373683956
Kerinci,Jambi,-2.036907055458544,101.46942445083168,2806.0,66.21,95.58,96.34,82.16,83.97,73.96,89.27,2.84,98.9,-2.036907055458544,101.46942445083168
Merangin,Jambi,-2.196201011862801,102.06441916216404,2806.0,66.21,95.58,96.34,82.16,83.97,73.96,89.27,2.84,98.9,-2.196201011862801,102.06441916216404
Sarolangun,Jambi,-2.3091125320544656,102.66456674464236,2806.0,66.21,95.58,96.34,82.16,83.97,73.96,89.27,2.84,98.9,-2.3091125320544656,102.66456674464236
Batang Hari,Jambi,-1.7497334364769526,103.09606325740948,2806.0,66.21,95.58,96.34,82.16,83.97,73.96,89.27,2.84,98.9,-1.7497334364769526,103.09606325740948
Muaro Jambi,Jambi,-1.6091814947854877,103.74517882177295,2806.0,66.21,95.58,96.34,82.16,83.97,73.96,89.27,2.84,98.9,-1.6091814947854877,103.74517882177295
Tanjung Jabung Timur,Jambi,-1.219820823289337,103.9673530852528,2806.0,66.21,95.58,96.34,82.16,83.97,73.96,89.27,2.84,98.9,-1.219820823289337,103.9673530852528
Tanjung Jabung Barat,Jambi,-1.071069936790348,103.11331056286176,2806.0,66.21,95.58,96.34,82.16,83.97,73.96,89.27,2.84,98.9,-1.071069936790348,103.11331056286176
Tebo,Jambi,-1.3102003391424772,102.361275390216,2806.0,66.21,95.58,96.34,82.16,83.97,73.96,89.27,2.84,98.9,-1.3102003391424772,102.361275390216
Bungo,Jambi,-1.5988860025702396,101.93100144530491,2806.0,66.21,95.58,96.34,82.16,83.97,73.96,89.27,2.84,98.9,-1.5988860025702396,101.93100144530491
Kota Jambi,Jambi,-1.6170023547450236,103.60022420576566,2806.0,66.21,95.58,96.34,82.16,83.97,73.96,89.27,2.84,98.9,-1.6170023547450236,103.60022420576566
Kota Sungai Penuh,Jambi,-2.11335094177672,101.34111250427009,2806.0,66.21,95.58,96.34,82.16,83.97,73.96,89.27,2.84,98.9,-2.11335094177672,101.34111250427009
Ogan Komering Ulu,Sumatera Selatan,-4.100670219203191,104.09382962801968,3187.0,63.21,90.45,91.31,87.23,82.36,77.02,85.9,3.2,97.02,-4.100670219203191,104.09382962801968
Ogan Komering Ilir,Sumatera Selatan,-3.343172988543884,105.39068105366404,3187.0,63.21,90.45,91.31,87.23,82.36,77.02,85.9,3.2,97.02,-3.343172988543884,105.39068105366404
Muara Enim,Sumatera Selatan,-3.635834759553093,104.0015652181584,3187.0,63.21,90.45,91.31,87.23,82.36,77.02,85.9,3.2,97.02,-3.635834759553093,104.0015652181584
Lahat,Sumatera Selatan,-3.8305582473786814,103.38532484050413,3187.0,63.21,90.45,91.31,87.23,82.36,77.02,85.9,3.2,97.02,-3.8305582473786814,103.38532484050413
Musi Rawas,Sumatera Selatan,-3.1667314171494367,103.14522095195292,3187.0,63.21,90.45,91.31,87.23,82.36,77.02,85.9,3.2,97.02,-3.1667314171494367,103.14522095195292
Musi Banyuasin,Sumatera Selatan,-2.4440840875705456,103.82967196424592,3187.0,63.21,90.45,91.31,87.23,82.36,77.02,85.9,3.2,97.02,-2.4440840875705456,103.82967196424592
Banyu Asin,Sumatera Selatan,-2.4878697688973253,104.66809303404575,3187.0,63.21,90.45,91.31,87.23,82.36,77.02,85.9,3.2,97.02,-2.4878697688973253,104.66809303404575
Ogan Komering Ulu Selatan,Sumatera Selatan,-4.590247323360914,103.91524090247172,3187.0,63.21,90.45,91.31,87.23,82.36,77.02,85.9,3.2,97.02,-4.590247323360914,103.91524090247172
Ogan Komering Ulu Timur,Sumatera Selatan,-4.068872522995667,104.56792257283747,3187.0,63.21,90.45,91.31,87.23,82.36,77.02,85.9,3.2,97.02,-4.068872522995667,104.56792257283747
Ogan Ilir,Sumatera Selatan,-3.409977800939368,104.60090288488531,3187.0,63.21,90.45,91.31,87.23,82.36,77.02,85.9,3.2,97.02,-3.409977800939368,104.60090288488531
Empat Lawang,Sumatera Selatan,-3.751943624991812,102.9535968887634,3187.0,63.21,90.45,91.31,87.23,82.36,77.02,85.9,3.2,97.02,-3.751943624991812,102.9535968887634
Penukal Abab Lematang Ilir,Sumatera Selatan,-3.209884359104186,103.9882793339702,3187.0,63.21,90.45,91.31,87.23,82.36,77.02,85.9,3.2,97.02,-3.209884359104186,103.9882793339702
Musi Rawas Utara,Sumatera Selatan,-2.7443987140701607,102.7358396453718,3187.0,63.21,90.45,91.31,87.23,82.36,77.02,85.9,3.2,97.02,-2.7443987140701607,102.7358396453718
Kota Palembang,Sumatera Selatan,-2.9733535838672696,104.73281674653592,3187.0,63.21,90.45,91.31,87.23,82.36,77.02,85.9,3.2,97.02,-2.9733535838672696,104.73281674653592
Kota Prabumulih,Sumatera Selatan,-3.4528347437959006,104.22938772442416,3187.0,63.21,90.45,91.31,87.23,82.36,77.02,85.9,3.2,97.02,-3.4528347437959006,104.22938772442416
Kota Pagar Alam,Sumatera Selatan,-4.109111577157726,103.26267366395189,3187.0,63.21,90.45,91.31,87.23,82.36,77.02,85.9,3.2,97.02,-4.109111577157726,103.26267366395189
Kota Lubuklinggau,Sumatera Selatan,-3.2635241614077395,102.87935836626258,3187.0,63.21,90.45,91.31,87.23,82.36,77.02,85.9,3.2,97.02,-3.2635241614077395,102.87935836626258
Danau,Sumatera Selatan,-4.860159501902476,103.9353745045638,3187.0,63.21,90.45,91.31,87.23,82.36,77.02,85.9,3.2,97.02,-4.860159501902476,103.9353745045638
Bengkulu Selatan,Bengkulu,-4.348663189211438,103.02372955029396,3399.0,56.52,95.61,95.66,72.1,83.01,81.71,89.76,3.49,99.75,-4.348663189211438,103.02372955029396
Rejang Lebong,Bengkulu,-3.430790127447459,102.69889390291108,3399.0,56.52,95.61,95.66,72.1,83.01,81.71,89.76,3.49,99.75,-3.430790127447459,102.69889390291108
Bengkulu Utara,Bengkulu,-3.426921227729385,102.0157827526161,3399.0,56.52,95.61,95.66,72.1,83.01,81.71,89.76,3.49,99.75,-3.426921227729385,102.0157827526161
Seluma,Bengkulu,-4.052313057716453,102.65781985555776,3399.0,56.52,95.61,95.66,72.1,83.01,81.71,89.76,3.49,99.75,-4.052313057716453,102.65781985555776
Mukomuko,Bengkulu,-2.701394437209309,101.48559604460618,3399.0,56.52,95.61,95.66,72.1,83.01,81.71,89.76,3.49,99.75,-2.701394437209309,101.48559604460618
Lebong,Bengkulu,-3.0899267093457428,102.24947681391514,3399.0,56.52,95.61,95.66,72.1,83.01,81.71,89.76,3.49,99.75,-3.0899267093457428,102.24947681391514
Kepahiang,Bengkulu,-3.628231823189902,102.64168875470617,3399.0,56.52,95.61,95.66,72.1,83.01,81.71,89.76,3.49,99.75,-3.628231823189902,102.64168875470617
Bengkulu Tengah,Bengkulu,-3.687547673332724,102.41166971406504,3399.0,56.52,95.61,95.66,72.1,83.01,81.71,89.76,3.49,99.75,-3.687547673332724,102.41166971406504
Kota Bengkulu,Bengkulu,-3.827698622712308,102.31269055949606,3399.0,56.52,95.61,95.66,72.1,83.01,81.71,89.76,3.49,99.75,-3.827698622712308,102.31269055949606
Lampung Barat,Lampung,-5.031742815336386,104.1902893422486,2399.0,65.96,89.45,98.51,84.51,85.44,80.97,93.05,1.98,99.21,-5.031742815336386,104.1902893422486
Tanggamus,Lampung,-5.435863533876858,104.67521016413504,2399.0,65.96,89.45,98.51,84.51,85.44,80.97,93.05,1.98,99.21,-5.435863533876858,104.67521016413504
Lampung Selatan,Lampung,-5.532772784321386,105.50050153572772,2399.0,65.96,89.45,98.51,84.51,85.44,80.97,93.05,1.98,99.21,-5.532772784321386,105.50050153572772
Lampung Timur,Lampung,-5.136651544367107,105.64903679922708,2399.0,65.96,89.45,98.51,84.51,85.44,80.97,93.05,1.98,99.21,-5.136651544367107,105.64903679922708
Lampung Tengah,Lampung,-4.861295996142597,105.26464895154368,2399.0,65.96,89.45,98.51,84.51,85.44,80.97,93.05,1.98,99.21,-4.861295996142597,105.26464895154368
Lampung Utara,Lampung,-4.809238400777272,104.80589388959837,2399.0,65.96,89.45,98.51,84.51,85.44,80.97,93.05,1.98,99.21,-4.809238400777272,104.80589388959837
Way Kanan,Lampung,-4.516452442654987,104.61449008455077,2399.0,65.96,89.45,98.51,84.51,85.44,80.97,93.05,1.98,99.21,-4.516452442654987,104.61449008455077
Tulangbawang,Lampung,-4.372762118777207,105.53193814337916,2399.0,65.96,89.45,98.51,84.51,85.44,80.97,93.05,1.98,99.21,-4.372762118777207,105.53193814337916
Pesawaran,Lampung,-5.473490391664825,105.11021856268846,2399.0,65.96,89.45,98.51,84.51,85.44,80.97,93.05,1.98,99.21,-5.473490391664825,105.11021856268846
Pringsewu,Lampung,-5.330844690947773,104.9200156480894,2399.0,65.96,89.45,98.51,84.51,85.44,80.97,93.05,1.98,99.21,-5.330844690947773,104.9200156480894
Mesuji,Lampung,-4.023735185270912,105.37787514073209,2399.0,65.96,89.45,98.51,84.51,85.44,80.97,93.05,1.98,99.21,-4.023735185270912,105.37787514073209
Tulang Bawang Barat,Lampung,-4.424818622660224,105.09205814161643,2399.0,65.96,89.45,98.51,84.51,85.44,80.97,93.05,1.98,99.21,-4.424818622660224,105.09205814161643
Pesisir Barat,Lampung,-5.382741983641269,104.20537179345924,2399.0,65.96,89.45,98.51,84.51,85.44,80.97,93.05,1.98,99.21,-5.382741983641269,104.20537179345924
Kota Bandar Lampung,Lampung,-5.415381895517418,105.2669385988425,2399.0,65.96,89.45,98.51,84.51,85.44,80.97,93.05,1.98,99.21,-5.415381895517418,105.2669385988425
Kota Metro,Lampung,-5.121824223284681,105.30644367746756,2399.0,65.96,89.45,98.51,84.51,85.44,80.97,93.05,1.98,99.21,-5.121824223284681,105.30644367746756
Danau,Lampung,-4.919405157341443,103.90269316395177,2399.0,65.96,89.45,98.51,84.51,85.44,80.97,93.05,1.98,99.21,-4.919405157341443,103.90269316395177
Bangka,Kepulauan Bangka Belitung,-1.9058874632590403,105.92123214732396,,,,,,,,,,,-1.9058874632590403,105.92123214732396
Belitung,Kepulauan Bangka Belitung,-2.869945793123589,107.71103164508766,,,,,,,,,,,-2.869945793123589,107.71103164508766
Bangka Barat,Kepulauan Bangka Belitung,-1.8908612719881248,105.4894532118837,,,,,,,,,,,-1.8908612719881248,105.4894532118837
Bangka Tengah,Kepulauan Bangka Belitung,-2.430082747186666,106.24331548128409,,,,,,,,,,,-2.430082747186666,106.24331548128409
Bangka Selatan,Kepulauan Bangka Belitung,-2.7709329136881147,106.3422715564158,,,,,,,,,,,-2.7709329136881147,106.3422715564158
Belitung Timur,Kepulauan Bangka Belitung,-2.9071138854292737,108.05237566338394,,,,,,,,,,,-2.9071138854292737,108.05237566338394
Kota Pangkal Pinang,Kepulauan Bangka Belitung,-2.1106627011939825,106.11347204257817,,,,,,,,,,,-2.1106627011939825,106.11347204257817
Karimun,Kepulauan Riau,0.8248069234958793,103.5309181577354,,,,,,,,,,,0.8248069234958793,103.5309181577354
Bintan,Kepulauan Riau,1.0118816098152748,104.70326477772744,,,,,,,,,,,1.0118816098152748,104.70326477772744
Natuna,Kepulauan Riau,3.78591633308192,108.26479827469396,,,,,,,,,,,3.78591633308192,108.26479827469396
Lingga,Kepulauan Riau,-0.2245554634606522,104.5270897404966,,,,,,,,,,,-0.2245554634606522,104.5270897404966
Kepulauan Anambas,Kepulauan Riau,3.0877655679007088,106.06522991654066,,,,,,,,,,,3.0877655679007088,106.06522991654066
Kota Batam,Kepulauan Riau,0.9629040349339316,104.06368257786352,,,,,,,,,,,0.9629040349339316,104.06368257786352
Kota Tanjung Pinang,Kepulauan Riau,0.9202850708474918,104.48531304393364,,,,,,,,,,,0.9202850708474918,104.48531304393364
Kepulauan Seribu,DKI Jakarta,-5.700152782565886,106.57935869589804,49855.0,39.0,45.26,78.47,99.96,94.01,78.82,54.44,21.3,99.97,-5.700152782565886,106.57935869589804
Kota Jakarta Selatan,DKI Jakarta,-6.272679096723272,106.81001087226264,49855.0,39.0,45.26,78.47,99.96,94.01,78.82,54.44,21.3,99.97,-6.272679096723272,106.81001087226264
Kota Jakarta Timur,DKI Jakarta,-6.25537335975149,106.9002684266986,49855.0,39.0,45.26,78.47,99.96,94.01,78.82,54.44,21.3,99.97,-6.25537335975149,106.9002684266986
Kota Jakarta Pusat,DKI Jakarta,-6.181230062200074,106.83507605430538,49855.0,39.0,45.26,78.47,99.96,94.01,78.82,54.44,21.3,99.97,-6.181230062200074,106.83507605430538
Kota Jakarta Barat,DKI Jakarta,-6.165609007923703,106.74840251328789,49855.0,39.0,45.26,78.47,99.96,94.01,78.82,54.44,21.3,99.97,-6.165609007923703,106.74840251328789
Kota Jakarta Utara,DKI Jakarta,-6.129207395649956,106.86908008223146,49855.0,39.0,45.26,78.47,99.96,94.01,78.82,54.44,21.3,99.97,-6.129207395649956,106.86908008223146
Bogor,Jawa Barat,-6.55997941978981,106.7675307897768,10781.0,56.25,78.81,94.26,94.9,75.1,82.37,83.44,5.91,99.9,-6.55997941978981,106.7675307897768
Sukabumi,Jawa Barat,-7.07618754942622,106.70730771617455,10781.0,56.25,78.81,94.26,94.9,75.1,82.37,83.44,5.91,99.9,-7.07618754942622,106.70730771617455
Cianjur,Jawa Barat,-7.133715972114234,107.1577635250869,10781.0,56.25,78.81,94.26,94.9,75.1,82.37,83.44,5.91,99.9,-7.133715972114234,107.1577635250869
Bandung,Jawa Barat,-7.099968673022156,107.61084115489376,10781.0,56.25,78.81,94.26,94.9,75.1,82.37,83.44,5.91,99.9,-7.099968673022156,107.61084115489376
Garut,Jawa Barat,-7.359556647876624,107.78886398924902,10781.0,56.25,78.81,94.26,94.9,75.1,82.37,83.44,5.91,99.9,-7.359556647876624,107.78886398924902
Tasikmalaya,Jawa Barat,-7.496705698995024,108.14129651563697,10781.0,56.25,78.81,94.26,94.9,75.1,82.37,83.44,5.91,99.9,-7.496705698995024,108.14129651563697
Kuningan,Jawa Barat,-7.00423329263941,108.56030045555096,10781.0,56.25,78.81,94.26,94.9,75.1,82.37,83.44,5.91,99.9,-7.00423329263941,108.56030045555096
Cirebon,Jawa Barat,-6.74563926084672,108.55156504690378,10781.0,56.25,78.81,94.26,94.9,75.1,82.37,83.44,5.91,99.9,-6.74563926084672,108.55156504690378
Majalengka,Jawa Barat,-6.8158653596666285,108.2578116332808,10781.0,56.25,78.81,94.26,94.9,75.1,82.37,83.44,5.91,99.9,-6.8158653596666285,108.2578116332808
Sumedang,Jawa Barat,-6.825065705775693,107.98085008608668,10781.0,56.25,78.81,94.26,94.9,75.1,82.37,83.44,5.91,99.9,-6.825065705775693,107.98085008608668
Indramayu,Jawa Barat,-6.448788182507655,108.16859149083888,10781.0,56.25,78.81,94.26,94.9,75.1,82.37,83.44,5.91,99.9,-6.448788182507655,108.16859149083888
Subang,Jawa Barat,-6.483036604163266,107.73224588344132,10781.0,56.25,78.81,94.26,94.9,75.1,82.37,83.44,5.91,99.9,-6.483036604163266,107.73224588344132
Purwakarta,Jawa Barat,-6.595016266157368,107.43220953453071,10781.0,56.25,78.81,94.26,94.9,75.1,82.37,83.44,5.91,99.9,-6.595016266157368,107.43220953453071
Karawang,Jawa Barat,-6.252023717395748,107.3542287175649,10781.0,56.25,78.81,94.26,94.9,75.1,82.37,83.44,5.91,99.9,-6.252023717395748,107.3542287175649
Bekasi,Jawa Barat,-6.215388528000242,107.12065980466356,10781.0,56.25,78.81,94.26,94.9,75.1,82.37,83.44,5.91,99.9,-6.215388528000242,107.12065980466356
Bandung Barat,Jawa Barat,-6.897055954169557,107.4149529293919,10781.0,56.25,78.81,94.26,94.9,75.1,82.37,83.44,5.91,99.9,-6.897055954169557,107.4149529293919
Pangandaran,Jawa Barat,-7.635621943855612,108.51884965656672,10781.0,56.25,78.81,94.26,94.9,75.1,82.37,83.44,5.91,99.9,-7.635621943855612,108.51884965656672
Kota Bogor,Jawa Barat,-6.593453042798799,106.79956414833416,10781.0,56.25,78.81,94.26,94.9,75.1,82.37,83.44,5.91,99.9,-6.593453042798799,106.79956414833416
Kota Sukabumi,Jawa Barat,-6.93987186159354,106.92433205514534,10781.0,56.25,78.81,94.26,94.9,75.1,82.37,83.44,5.91,99.9,-6.93987186159354,106.92433205514534
Kota Bandung,Jawa Barat,-6.919135135270234,107.6366017133277,10781.0,56.25,78.81,94.26,94.9,75.1,82.37,83.44,5.91,99.9,-6.919135135270234,107.6366017133277
Kota Cirebon,Jawa Barat,-6.74199069176132,108.55332894645562,10781.0,56.25,78.81,94.26,94.9,75.1,82.37,83.44,5.91,99.9,-6.74199069176132,108.55332894645562
Kota Bekasi,Jawa Barat,-6.280230672396908,106.97568221083898,10781.0,56.25,78.81,94.26,94.9,75.1,82.37,83.44,5.91,99.9,-6.280230672396908,106.97568221083898
Kota Depok,Jawa Barat,-6.396102174995955,106.81680806207645,10781.0,56.25,78.81,94.26,94.9,75.1,82.37,83.44,5.91,99.9,-6.396102174995955,106.81680806207645
Kota Cimahi,Jawa Barat,-6.886495205865237,107.54358228548745,10781.0,56.25,78.81,94.26,94.9,75.1,82.37,83.44,5.91,99.9,-6.886495205865237,107.54358228548745
Kota Tasikmalaya,Jawa Barat,-7.360250810183055,108.2193545848017,10781.0,56.25,78.81,94.26,94.9,75.1,82.37,83.44,5.91,99.9,-7.360250810183055,108.2193545848017
Kota Banjar,Jawa Barat,-7.376302096784516,108.5665017726714,10781.0,56.25,78.81,94.26,94.9,75.1,82.37,83.44,5.91,99.9,-7.376302096784516,108.5665017726714
Waduk Cirata,Jawa Barat,-6.737689508119021,107.29899968585192,10781.0,56.25,78.81,94.26,94.9,75.1,82.37,83.44,5.91,99.9,-6.737689508119021,107.29899968585192
Cilacap,Jawa Tengah,-7.490962972926563,108.89041296658068,1506.0,71.76,86.18,98.35,95.43,86.72,86.49,90.9,1.15,99.94,-7.490962972926563,108.89041296658068
Banyumas,Jawa Tengah,-7.45514503147709,109.17558000856032,1506.0,71.76,86.18,98.35,95.43,86.72,86.49,90.9,1.15,99.94,-7.45514503147709,109.17558000856032
Purbalingga,Jawa Tengah,-7.322916241641145,109.40731841207436,1506.0,71.76,86.18,98.35,95.43,86.72,86.49,90.9,1.15,99.94,-7.322916241641145,109.40731841207436
Banjarnegara,Jawa Tengah,-7.351881908056216,109.65741934453622,1506.0,71.76,86.18,98.35,95.43,86.72,86.49,90.9,1.15,99.94,-7.351881908056216,109.65741934453622
Kebumen,Jawa Tengah,-7.655168808882135,109.61736034128552,1506.0,71.76,86.18,98.35,95.43,86.72,86.49,90.9,1.15,99.94,-7.655168808882135,109.61736034128552
Purworejo,Jawa Tengah,-7.699577291040891,109.96603744068976,1506.0,71.76,86.18,98.35,95.43,86.72,86.49,90.9,1.15,99.94,-7.699577291040891,109.96603744068976
Wonosobo,Jawa Tengah,-7.415535200090703,109.90722306999888,1506.0,71.76,86.18,98.35,95.43,86.72,86.49,90.9,1.15,99.94,-7.415535200090703,109.90722306999888
Magelang,Jawa Tengah,-7.501579691939518,110.24673321887194,1506.0,71.76,86.18,98.35,95.43,86.72,86.49,90.9,1.15,99.94,-7.501579691939518,110.24673321887194
Boyolali,Jawa Tengah,-7.418562123472956,110.65065631607403,1506.0,71.76,86.18,98.35,95.43,86.72,86.49,90.9,1.15,99.94,-7.418562123472956,110.65065631607403
Klaten,Jawa Tengah,-7.686395121198295,110.61989755589164,1506.0,71.76,86.18,98.35,95.43,86.72,86.49,90.9,1.15,99.94,-7.686395121198295,110.61989755589164
Sukoharjo,Jawa Tengah,-7.680857384229969,110.83462858664124,1506.0,71.76,86.18,98.35,95.43,86.72,86.49,90.9,1.15,99.94,-7.680857384229969,110.83462858664124
Wonogiri,Jawa Tengah,-7.920201595152831,111.00040370114164,1506.0,71.76,86.18,98.35,95.43,86.72,86.49,90.9,1.15,99.94,-7.920201595152831,111.00040370114164
Karanganyar,Jawa Tengah,-7.614457703677596,111.01926543165686,1506.0,71.76,86.18,98.35,95.43,86.72,86.49,90.9,1.15,99.94,-7.614457703677596,111.01926543165686
Sragen,Jawa Tengah,-7.387131166804866,110.97743516481192,1506.0,71.76,86.18,98.35,95.43,86.72,86.49,90.9,1.15,99.94,-7.387131166804866,110.97743516481192
Grobogan,Jawa Tengah,-7.116879665010258,110.92710077486868,1506.0,71.76,86.18,98.35,95.43,86.72,86.49,90.9,1.15,99.94,-7.116879665010258,110.92710077486868
Blora,Jawa Tengah,-7.075962401610758,111.38763651697356,1506.0,71.76,86.18,98.35,95.43,86.72,86.49,90.9,1.15,99.94,-7.075962401610758,111.38763651697356
Rembang,Jawa Tengah,-6.775462804225791,111.46127490119795,1506.0,71.76,86.18,98.35,95.43,86.72,86.49,90.9,1.15,99.94,-6.775462804225791,111.46127490119795
Pati,Jawa Tengah,-6.743927220388302,111.0415158894135,1506.0,71.76,86.18,98.35,95.43,86.72,86.49,90.9,1.15,99.94,-6.743927220388302,111.0415158894135
Kudus,Jawa Tengah,-6.789067975370961,110.86972203407196,1506.0,71.76,86.18,98.35,95.43,86.72,86.49,90.9,1.15,99.94,-6.789067975370961,110.86972203407196
Jepara,Jawa Tengah,-6.548526503338319,110.76785783741848,1506.0,71.76,86.18,98.35,95.43,86.72,86.49,90.9,1.15,99.94,-6.548526503338319,110.76785783741848
Demak,Jawa Tengah,-6.910835809829076,110.6318500799114,1506.0,71.76,86.18,98.35,95.43,86.72,86.49,90.9,1.15,99.94,-6.910835809829076,110.6318500799114
Semarang,Jawa Tengah,-7.272031283650321,110.47526529185173,1506.0,71.76,86.18,98.35,95.43,86.72,86.49,90.9,1.15,99.94,-7.272031283650321,110.47526529185173
Temanggung,Jawa Tengah,-7.2578589725762095,110.13563225523384,1506.0,71.76,86.18,98.35,95.43,86.72,86.49,90.9,1.15,99.94,-7.2578589725762095,110.13563225523384
Kendal,Jawa Tengah,-7.037666108341629,110.15611950560432,1506.0,71.76,86.18,98.35,95.43,86.72,86.49,90.9,1.15,99.94,-7.037666108341629,110.15611950560432
Batang,Jawa Tengah,-7.0212670438715215,109.86149355725536,1506.0,71.76,86.18,98.35,95.43,86.72,86.49,90.9,1.15,99.94,-7.0212670438715215,109.86149355725536
Pekalongan,Jawa Tengah,-7.056829215030643,109.6204168941512,1506.0,71.76,86.18,98.35,95.43,86.72,86.49,90.9,1.15,99.94,-7.056829215030643,109.6204168941512
Pemalang,Jawa Tengah,-7.036440934968002,109.3950228244954,1506.0,71.76,86.18,98.35,95.43,86.72,86.49,90.9,1.15,99.94,-7.036440934968002,109.3950228244954
Tegal,Jawa Tengah,-7.031101954823329,109.15840497401196,1506.0,71.76,86.18,98.35,95.43,86.72,86.49,90.9,1.15,99.94,-7.031101954823329,109.15840497401196
Brebes,Jawa Tengah,-7.058903017451165,108.92792084506812,1506.0,71.76,86.18,98.35,95.43,86.72,86.49,90.9,1.15,99.94,-7.058903017451165,108.92792084506812
Kota Magelang,Jawa Tengah,-7.477141910537477,110.22013206136418,1506.0,71.76,86.18,98.35,95.43,86.72,86.49,90.9,1.15,99.94,-7.477141910537477,110.22013206136418
Kota Surakarta,Jawa Tengah,-7.558081647131424,110.82338935232846,1506.0,71.76,86.18,98.35,95.43,86.72,86.49,90.9,1.15,99.94,-7.558081647131424,110.82338935232846
Kota Salatiga,Jawa Tengah,-7.33827127884699,110.49842771998922,1506.0,71.76,86.18,98.35,95.43,86.72,86.49,90.9,1.15,99.94,-7.33827127884699,110.49842771998922
Kota Semarang,Jawa Tengah,-7.020507440989723,110.38964817234184,1506.0,71.76,86.18,98.35,95.43,86.72,86.49,90.9,1.15,99.94,-7.020507440989723,110.38964817234184
Kota Pekalongan,Jawa Tengah,-6.893131821863905,109.67782058785632,1506.0,71.76,86.18,98.35,95.43,86.72,86.49,90.9,1.15,99.94,-6.893131821863905,109.67782058785632
Kota Tegal,Jawa Tengah,-6.8689354573083365,109.11565760376344,1506.0,71.76,86.18,98.35,95.43,86.72,86.49,90.9,1.15,99.94,-6.8689354573083365,109.11565760376344
Wadung Kedungombo,Jawa Tengah,-7.282944181324387,110.81464556911006,1506.0,71.76,86.18,98.35,95.43,86.72,86.49,90.9,1.15,99.94,-7.282944181324387,110.81464556911006
Hutan,Jawa Tengah,-7.167433261122551,110.357084931398,1506.0,71.76,86.18,98.35,95.43,86.72,86.49,90.9,1.15,99.94,-7.167433261122551,110.357084931398
Kulon Progo,Daerah Istimewa Yogyakarta,-7.818871123551966,110.16740723580467,,,,,,,,,,,-7.818871123551966,110.16740723580467
Bantul,Daerah Istimewa Yogyakarta,-7.901669178765105,110.35469212971462,,,,,,,,,,,-7.901669178765105,110.35469212971462
Gunung Kidul,Daerah Istimewa Yogyakarta,-7.994236619045601,110.61206092207424,,,,,,,,,,,-7.994236619045601,110.61206092207424
Sleman,Daerah Istimewa Yogyakarta,-7.7154348316663315,110.38349097097276,,,,,,,,,,,-7.7154348316663315,110.38349097097276
Kota Yogyakarta,Daerah Istimewa Yogyakarta,-7.803291505954964,110.37435371664128,,,,,,,,,,,-7.803291505954964,110.37435371664128
Pacitan,Jawa Timur,-8.126217614235411,111.17903272920844,3890.0,73.4,88.17,97.45,96.93,85.56,84.32,90.93,2.61,99.71,-8.126217614235411,111.17903272920844
Ponorogo,Jawa Timur,-7.931320121469852,111.49936570532776,3890.0,73.4,88.17,97.45,96.93,85.56,84.32,90.93,2.61,99.71,-7.931320121469852,111.49936570532776
Trenggalek,Jawa Timur,-8.161920885563308,111.626270634853,3890.0,73.4,88.17,97.45,96.93,85.56,84.32,90.93,2.61,99.71,-8.161920885563308,111.626270634853
Tulungagung,Jawa Timur,-8.113254812027218,111.88720203331584,3890.0,73.4,88.17,97.45,96.93,85.56,84.32,90.93,2.61,99.71,-8.113254812027218,111.88720203331584
Blitar,Jawa Timur,-8.130109025955555,112.23812949353372,3890.0,73.4,88.17,97.45,96.93,85.56,84.32,90.93,2.61,99.71,-8.130109025955555,112.23812949353372
Kediri,Jawa Timur,-7.8288714309496354,112.08963614951986,3890.0,73.4,88.17,97.45,96.93,85.56,84.32,90.93,2.61,99.71,-7.8288714309496354,112.08963614951986
Malang,Jawa Timur,-8.126856949210472,112.64107524720734,3890.0,73.4,88.17,97.45,96.93,85.56,84.32,90.93,2.61,99.71,-8.126856949210472,112.64107524720734
Lumajang,Jawa Timur,-8.125301011033299,113.1375746506189,3890.0,73.4,88.17,97.45,96.93,85.56,84.32,90.93,2.61,99.71,-8.125301011033299,113.1375746506189
Jember,Jawa Timur,-8.23597854587365,113.65569522626976,3890.0,73.4,88.17,97.45,96.93,85.56,84.32,90.93,2.61,99.71,-8.23597854587365,113.65569522626976
Banyuwangi,Jawa Timur,-8.364926627973478,114.205523988406,3890.0,73.4,88.17,97.45,96.93,85.56,84.32,90.93,2.61,99.71,-8.364926627973478,114.205523988406
Bondowoso,Jawa Timur,-7.944023536737516,113.94755044463643,3890.0,73.4,88.17,97.45,96.93,85.56,84.32,90.93,2.61,99.71,-7.944023536737516,113.94755044463643
Situbondo,Jawa Timur,-7.8013125242293615,114.05138036143671,3890.0,73.4,88.17,97.45,96.93,85.56,84.32,90.93,2.61,99.71,-7.8013125242293615,114.05138036143671
Probolinggo,Jawa Timur,-7.866519918228999,113.32086685061878,3890.0,73.4,88.17,97.45,96.93,85.56,84.32,90.93,2.61,99.71,-7.866519918228999,113.32086685061878
Pasuruan,Jawa Timur,-7.742918212946321,112.83173971315628,3890.0,73.4,88.17,97.45,96.93,85.56,84.32,90.93,2.61,99.71,-7.742918212946321,112.83173971315628
Sidoarjo,Jawa Timur,-7.4520545825833695,112.70135722585869,3890.0,73.4,88.17,97.45,96.93,85.56,84.32,90.93,2.61,99.71,-7.4520545825833695,112.70135722585869
Mojokerto,Jawa Timur,-7.54986741850465,112.4852490238952,3890.0,73.4,88.17,97.45,96.93,85.56,84.32,90.93,2.61,99.71,-7.54986741850465,112.4852490238952
Jombang,Jawa Timur,-7.545102315024298,112.26512941136484,3890.0,73.4,88.17,97.45,96.93,85.56,84.32,90.93,2.61,99.71,-7.545102315024298,112.26512941136484
Nganjuk,Jawa Timur,-7.597422658443768,111.93843847465556,3890.0,73.4,88.17,97.45,96.93,85.56,84.32,90.93,2.61,99.71,-7.597422658443768,111.93843847465556
Madiun,Jawa Timur,-7.624222283603833,111.64571615360022,3890.0,73.4,88.17,97.45,96.93,85.56,84.32,90.93,2.61,99.71,-7.624222283603833,111.64571615360022
Magetan,Jawa Timur,-7.662881128280901,111.35790237163866,3890.0,73.4,88.17,97.45,96.93,85.56,84.32,90.93,2.61,99.71,-7.662881128280901,111.35790237163866
Ngawi,Jawa Timur,-7.439238508650867,111.34309012110774,3890.0,73.4,88.17,97.45,96.93,85.56,84.32,90.93,2.61,99.71,-7.439238508650867,111.34309012110774
Bojonegoro,Jawa Timur,-7.255432770245719,111.80983737847164,3890.0,73.4,88.17,97.45,96.93,85.56,84.32,90.93,2.61,99.71,-7.255432770245719,111.80983737847164
Tuban,Jawa Timur,-6.953135827901162,111.89151235045122,3890.0,73.4,88.17,97.45,96.93,85.56,84.32,90.93,2.61,99.71,-6.953135827901162,111.89151235045122
Lamongan,Jawa Timur,-7.131112465577127,112.30078098817832,3890.0,73.4,88.17,97.45,96.93,85.56,84.32,90.93,2.61,99.71,-7.131112465577127,112.30078098817832
Gresik,Jawa Timur,-6.926869202614068,112.55814823396013,3890.0,73.4,88.17,97.45,96.93,85.56,84.32,90.93,2.61,99.71,-6.926869202614068,112.55814823396013
Bangkalan,Jawa Timur,-7.044238270956218,112.92961853093335,3890.0,73.4,88.17,97.45,96.93,85.56,84.32,90.93,2.61,99.71,-7.044238270956218,112.92961853093335
Sampang,Jawa Timur,-7.051983810509522,113.25626662790758,3890.0,73.4,88.17,97.45,96.93,85.56,84.32,90.93,2.61,99.71,-7.051983810509522,113.25626662790758
Pamekasan,Jawa Timur,-7.065107508169855,113.50391466611607,3890.0,73.4,88.17,97.45,96.93,85.56,84.32,90.93,2.61,99.71,-7.065107508169855,113.50391466611607
Sumenep,Jawa Timur,-6.966833774395336,114.40501110021468,3890.0,73.4,88.17,97.45,96.93,85.56,84.32,90.93,2.61,99.71,-6.966833774395336,114.40501110021468
Kota Kediri,Jawa Timur,-7.82630476705957,112.01383739813058,3890.0,73.4,88.17,97.45,96.93,85.56,84.32,90.93,2.61,99.71,-7.82630476705957,112.01383739813058
Kota Blitar,Jawa Timur,-8.095024174788081,112.1669967463244,3890.0,73.4,88.17,97.45,96.93,85.56,84.32,90.93,2.61,99.71,-8.095024174788081,112.1669967463244
Kota Malang,Jawa Timur,-7.978964473041325,112.63637975865775,3890.0,73.4,88.17,97.45,96.93,85.56,84.32,90.93,2.61,99.71,-7.978964473041325,112.63637975865775
Kota Probolinggo,Jawa Timur,-7.774315119627388,113.20543201306673,3890.0,73.4,88.17,97.45,96.93,85.56,84.32,90.93,2.61,99.71,-7.774315119627388,113.20543201306673
Kota Pasuruan,Jawa Timur,-7.649688955638756,112.91006798709492,3890.0,73.4,88.17,97.45,96.93,85.56,84.32,90.93,2.61,99.71,-7.649688955638756,112.91006798709492
Kota Mojokerto,Jawa Timur,-7.471312683661175,112.43743635438446,3890.0,73.4,88.17,97.45,96.93,85.56,84.32,90.93,2.61,99.71,-7.471312683661175,112.43743635438446
Kota Madiun,Jawa Timur,-7.627983262599412,111.52817621422015,3890.0,73.4,88.17,97.45,96.93,85.56,84.32,90.93,2.61,99.71,-7.627983262599412,111.52817621422015
Kota Surabaya,Jawa Timur,-7.275073393954656,112.72380662893435,3890.0,73.4,88.17,97.45,96.93,85.56,84.32,90.93,2.61,99.71,-7.275073393954656,112.72380662893435
Kota Batu,Jawa Timur,-7.833108849706685,112.53111989983498,3890.0,73.4,88.17,97.45,96.93,85.56,84.32,90.93,2.61,99.71,-7.833108849706685,112.53111989983498
Pandeglang,Banten,-6.590230627261489,105.7429822852084,11970.0,64.94,77.06,96.04,94.01,87.93,83.0,86.49,6.17,99.79,-6.590230627261489,105.7429822852084
Lebak,Banten,-6.642128938347915,106.21285365156396,11970.0,64.94,77.06,96.04,94.01,87.93,83.0,86.49,6.17,99.79,-6.642128938347915,106.21285365156396
Tangerang,Banten,-6.174630989028612,106.5185128662444,11970.0,64.94,77.06,96.04,94.01,87.93,83.0,86.49,6.17,99.79,-6.174630989028612,106.5185128662444
Serang,Banten,-6.142218782556982,106.14665476825932,11970.0,64.94,77.06,96.04,94.01,87.93,83.0,86.49,6.17,99.79,-6.142218782556982,106.14665476825932
Kota Tangerang,Banten,-6.182869499826618,106.6518227032072,11970.0,64.94,77.06,96.04,94.01,87.93,83.0,86.49,6.17,99.79,-6.182869499826618,106.6518227032072
Kota Cilegon,Banten,-5.998046785450348,106.01927592674215,11970.0,64.94,77.06,96.04,94.01,87.93,83.0,86.49,6.17,99.79,-5.998046785450348,106.01927592674215
Kota Serang,Banten,-6.123386067592276,106.16629867579528,11970.0,64.94,77.06,96.04,94.01,87.93,83.0,86.49,6.17,99.79,-6.123386067592276,106.16629867579528
Kota Tangerang Selatan,Banten,-6.301847863996328,106.7073409716394,11970.0,64.94,77.06,96.04,94.01,87.93,83.0,86.49,6.17,99.79,-6.301847863996328,106.7073409716394
Jembrana,Bali,-8.31252270443837,114.6826647939009,24490.0,85.99,93.53,95.35,98.32,96.83,92.08,83.52,11.01,99.9,-8.31252270443837,114.6826647939009
Tabanan,Bali,-8.428221709828733,115.07877738641022,24490.0,85.99,93.53,95.35,98.32,96.83,92.08,83.52,11.01,99.9,-8.428221709828733,115.07877738641022
Badung,Bali,-8.58346725870223,115.18840533719332,24490.0,85.99,93.53,95.35,98.32,96.83,92.08,83.52,11.01,99.9,-8.58346725870223,115.18840533719332
Gianyar,Bali,-8.480494358632214,115.2875567655051,24490.0,85.99,93.53,95.35,98.32,96.83,92.08,83.52,11.01,99.9,-8.480494358632214,115.2875567655051
Klungkung,Bali,-8.666548920391307,115.49350271738868,24490.0,85.99,93.53,95.35,98.32,96.83,92.08,83.52,11.01,99.9,-8.666548920391307,115.49350271738868
Bangli,Bali,-8.293590552404062,115.34684316768488,24490.0,85.99,93.53,95.35,98.32,96.83,92.08,83.52,11.01,99.9,-8.293590552404062,115.34684316768488
Karang Asem,Bali,-8.374200993455263,115.53007063688295,24490.0,85.99,93.53,95.35,98.32,96.83,92.08,83.52,11.01,99.9,-8.374200993455263,115.53007063688295
Buleleng,Bali,-8.200235942141632,114.96257794235508,24490.0,85.99,93.53,95.35,98.32,96.83,92.08,83.52,11.01,99.9,-8.200235942141632,114.96257794235508
Kota Denpasar,Bali,-8.668357813764176,115.22086623005592,24490.0,85.99,93.53,95.35,98.32,96.83,92.08,83.52,11.01,99.9,-8.668357813764176,115.22086623005592
Lombok Barat,Nusa Tenggara Barat,-8.664408697512396,116.09423484625384,1548.0,67.74,84.83,91.37,96.13,86.8,77.04,91.93,1.28,99.89,-8.664408697512396,116.09423484625384
Lombok Tengah,Nusa Tenggara Barat,-8.722795829769597,116.28914365339052,1548.0,67.74,84.83,91.37,96.13,86.8,77.04,91.93,1.28,99.89,-8.722795829769597,116.28914365339052
Lombok Timur,Nusa Tenggara Barat,-8.533116718958105,116.53066631816635,1548.0,67.74,84.83,91.37,96.13,86.8,77.04,91.93,1.28,99.89,-8.533116718958105,116.53066631816635
Sumbawa,Nusa Tenggara Barat,-8.703221200371717,117.48493808830204,1548.0,67.74,84.83,91.37,96.13,86.8,77.04,91.93,1.28,99.89,-8.703221200371717,117.48493808830204
Dompu,Nusa Tenggara Barat,-8.472141966031373,118.21680611851356,1548.0,67.74,84.83,91.37,96.13,86.8,77.04,91.93,1.28,99.89,-8.472141966031373,118.21680611851356
Bima,Nusa Tenggara Barat,-8.474763701975414,118.61861995592824,1548.0,67.74,84.83,91.37,96.13,86.8,77.04,91.93,1.28,99.89,-8.474763701975414,118.61861995592824
Sumbawa Barat,Nusa Tenggara Barat,-8.829708937760703,116.91505782417316,1548.0,67.74,84.83,91.37,96.13,86.8,77.04,91.93,1.28,99.89,-8.829708937760703,116.91505782417316
Lombok Utara,Nusa Tenggara Barat,-8.349040795636183,116.28349719153228,1548.0,67.74,84.83,91.37,96.13,86.8,77.04,91.93,1.28,99.89,-8.349040795636183,116.28349719153228
Kota Mataram,Nusa Tenggara Barat,-8.590268831230997,116.11109308466004,1548.0,67.74,84.83,91.37,96.13,86.8,77.04,91.93,1.28,99.89,-8.590268831230997,116.11109308466004
Kota Bima,Nusa Tenggara Barat,-8.455799435365842,118.78490654437653,1548.0,67.74,84.83,91.37,96.13,86.8,77.04,91.93,1.28,99.89,-8.455799435365842,118.78490654437653
Sumba Barat,Nusa Tenggara Timur,-9.642180801803375,119.37971407346738,2727.0,46.88,67.5,87.93,88.55,77.66,44.06,91.39,2.95,91.01,-9.642180801803375,119.37971407346738
Sumba Timur,Nusa Tenggara Timur,-9.87729808135647,120.25496768589085,2727.0,46.88,67.5,87.93,88.55,77.66,44.06,91.39,2.95,91.01,-9.87729808135647,120.25496768589085
Kupang,Nusa Tenggara Timur,-9.918213637259829,123.8599568609068,2727.0,46.88,67.5,87.93,88.55,77.66,44.06,91.39,2.95,91.01,-9.918213637259829,123.8599568609068
Timor Tengah Selatan,Nusa Tenggara Timur,-9.827955804523938,124.3967496167382,2727.0,46.88,67.5,87.93,88.55,77.66,44.06,91.39,2.95,91.01,-9.827955804523938,124.3967496167382
Timor Tengah Utara,Nusa Tenggara Timur,-9.37753021365492,124.56966764574771,2727.0,46.88,67.5,87.93,88.55,77.66,44.06,91.39,2.95,91.01,-9.37753021365492,124.56966764574771
Belu,Nusa Tenggara Timur,-9.153849827003624,124.9684445880492,2727.0,46.88,67.5,87.93,88.55,77.66,44.06,91.39,2.95,91.01,-9.153849827003624,124.9684445880492
Alor,Nusa Tenggara Timur,-8.303671708671658,124.56876213281348,2727.0,46.88,67.5,87.93,88.55,77.66,44.06,91.39,2.95,91.01,-8.303671708671658,124.56876213281348
Lembata,Nusa Tenggara Timur,-8.380280709360466,123.542344526975,2727.0,46.88,67.5,87.93,88.55,77.66,44.06,91.39,2.95,91.01,-8.380280709360466,123.542344526975
Flores Timur,Nusa Tenggara Timur,-8.365094347184668,122.94442274719088,2727.0,46.88,67.5,87.93,88.55,77.66,44.06,91.39,2.95,91.01,-8.365094347184668,122.94442274719088
Sikka,Nusa Tenggara Timur,-8.6086620621142,122.30372135527575,2727.0,46.88,67.5,87.93,88.55,77.66,44.06,91.39,2.95,91.01,-8.6086620621142,122.30372135527575
Ende,Nusa Tenggara Timur,-8.67723952109192,121.73413180929138,2727.0,46.88,67.5,87.93,88.55,77.66,44.06,91.39,2.95,91.01,-8.67723952109192,121.73413180929138
Ngada,Nusa Tenggara Timur,-8.667527083860396,121.00118186711704,2727.0,46.88,67.5,87.93,88.55,77.66,44.06,91.39,2.95,91.01,-8.667527083860396,121.00118186711704
Manggarai,Nusa Tenggara Timur,-8.56936108974567,120.40152206860398,2727.0,46.88,67.5,87.93,88.55,77.66,44.06,91.39,2.95,91.01,-8.56936108974567,120.40152206860398
Rote Ndao,Nusa Tenggara Timur,-10.726035534908306,123.12435711883164,2727.0,46.88,67.5,87.93,88.55,77.66,44.06,91.39,2.95,91.01,-10.726035534908306,123.12435711883164
Manggarai Barat,Nusa Tenggara Timur,-8.602543458665204,119.98892113580357,2727.0,46.88,67.5,87.93,88.55,77.66,44.06,91.39,2.95,91.01,-8.602543458665204,119.98892113580357
Sumba Tengah,Nusa Tenggara Timur,-9.547713224677326,119.66562263710986,2727.0,46.88,67.5,87.93,88.55,77.66,44.06,91.39,2.95,91.01,-9.547713224677326,119.66562263710986
Sumba Barat Daya,Nusa Tenggara Timur,-9.53424325241282,119.18003654738784,2727.0,46.88,67.5,87.93,88.55,77.66,44.06,91.39,2.95,91.01,-9.53424325241282,119.18003654738784
Nagekeo,Nusa Tenggara Timur,-8.688708669769012,121.27301155096664,2727.0,46.88,67.5,87.93,88.55,77.66,44.06,91.39,2.95,91.01,-8.688708669769012,121.27301155096664
Manggarai Timur,Nusa Tenggara Timur,-8.571655003364476,120.6905940597148,2727.0,46.88,67.5,87.93,88.55,77.66,44.06,91.39,2.95,91.01,-8.571655003364476,120.6905940597148
Sabu Raijua,Nusa Tenggara Timur,-10.535743351329184,121.84435440613218,2727.0,46.88,67.5,87.93,88.55,77.66,44.06,91.39,2.95,91.01,-10.535743351329184,121.84435440613218
Malaka,Nusa Tenggara Timur,-9.521768984672995,124.88932013063582,2727.0,46.88,67.5,87.93,88.55,77.66,44.06,91.39,2.95,91.01,-9.521768984672995,124.88932013063582
Kota Kupang,Nusa Tenggara Timur,-10.204297644817244,123.6071839720373,2727.0,46.88,67.5,87.93,88.55,77.66,44.06,91.39,2.95,91.01,-10.204297644817244,123.6071839720373
Sambas,Kalimantan Barat,1.429969837468297,109.34638469723927,2146.0,65.7,98.68,97.44,82.13,81.56,77.99,91.94,1.4,92.95,1.429969837468297,109.34638469723927
Bengkayang,Kalimantan Barat,1.0120337452738288,109.56443931651567,2146.0,65.7,98.68,97.44,82.13,81.56,77.99,91.94,1.4,92.95,1.0120337452738288,109.56443931651567
Landak,Kalimantan Barat,0.5165585615059111,109.77118030315104,2146.0,65.7,98.68,97.44,82.13,81.56,77.99,91.94,1.4,92.95,0.5165585615059111,109.77118030315104
Mempawah,Kalimantan Barat,0.3583352643848569,109.15602514229012,2146.0,65.7,98.68,97.44,82.13,81.56,77.99,91.94,1.4,92.95,0.3583352643848569,109.15602514229012
Sanggau,Kalimantan Barat,0.2686857480038473,110.43207636705192,2146.0,65.7,98.68,97.44,82.13,81.56,77.99,91.94,1.4,92.95,0.2686857480038473,110.43207636705192
Ketapang,Kalimantan Barat,-1.6332240115575,110.61387416347104,2146.0,65.7,98.68,97.44,82.13,81.56,77.99,91.94,1.4,92.95,-1.6332240115575,110.61387416347104
Sintang,Kalimantan Barat,0.0926358993417124,112.07152422968528,2146.0,65.7,98.68,97.44,82.13,81.56,77.99,91.94,1.4,92.95,0.0926358993417124,112.07152422968528
Kapuas Hulu,Kalimantan Barat,0.8352381511761106,112.81087616535685,2146.0,65.7,98.68,97.44,82.13,81.56,77.99,91.94,1.4,92.95,0.8352381511761106,112.81087616535685
Sekadau,Kalimantan Barat,-0.0038791314102325,110.9513185688061,2146.0,65.7,98.68,97.44,82.13,81.56,77.99,91.94,1.4,92.95,-0.0038791314102325,110.9513185688061
Melawi,Kalimantan Barat,-0.6326354218771204,111.72757674162632,2146.0,65.7,98.68,97.44,82.13,81.56,77.99,91.94,1.4,92.95,-0.6326354218771204,111.72757674162632
Kayong Utara,Kalimantan Barat,-1.091862906946181,109.92513952489408,2146.0,65.7,98.68,97.44,82.13,81.56,77.99,91.94,1.4,92.95,-1.091862906946181,109.92513952489408
Kubu Raya,Kalimantan Barat,-0.3867407691861245,109.5374741754306,2146.0,65.7,98.68,97.44,82.13,81.56,77.99,91.94,1.4,92.95,-0.3867407691861245,109.5374741754306
Kota Pontianak,Kalimantan Barat,-0.0252254562747231,109.33141043323172,2146.0,65.7,98.68,97.44,82.13,81.56,77.99,91.94,1.4,92.95,-0.0252254562747231,109.33141043323172
Kota Singkawang,Kalimantan Barat,0.8985240195732173,109.0348921275268,2146.0,65.7,98.68,97.44,82.13,81.56,77.99,91.94,1.4,92.95,0.8985240195732173,109.0348921275268
Kotawaringin Barat,Kalimantan Tengah,-2.5456909214682857,111.74686194967607,3651.0,59.92,95.31,96.41,78.71,78.15,75.92,83.02,3.0,89.04,-2.5456909214682857,111.74686194967607
Kotawaringin Timur,Kalimantan Tengah,-2.064989919410805,112.71302993951856,3651.0,59.92,95.31,96.41,78.71,78.15,75.92,83.02,3.0,89.04,-2.064989919410805,112.71302993951856
Kapuas,Kalimantan Tengah,-1.74785070749573,114.29802530756368,3651.0,59.92,95.31,96.41,78.71,78.15,75.92,83.02,3.0,89.04,-1.74785070749573,114.29802530756368
Barito Selatan,Kalimantan Tengah,-1.801865359244946,114.92403688518849,3651.0,59.92,95.31,96.41,78.71,78.15,75.92,83.02,3.0,89.04,-1.801865359244946,114.92403688518849
Barito Utara,Kalimantan Tengah,-0.9330650695788693,115.13473254144996,3651.0,59.92,95.31,96.41,78.71,78.15,75.92,83.02,3.0,89.04,-0.9330650695788693,115.13473254144996
Sukamara,Kalimantan Tengah,-2.6230390372949848,111.16090519396862,3651.0,59.92,95.31,96.41,78.71,78.15,75.92,83.02,3.0,89.04,-2.6230390372949848,111.16090519396862
Lamandau,Kalimantan Tengah,-1.8011215799644358,111.40667879322268,3651.0,59.92,95.31,96.41,78.71,78.15,75.92,83.02,3.0,89.04,-1.8011215799644358,111.40667879322268
Seruyan,Kalimantan Tengah,-2.2830091015227243,112.17627058319032,3651.0,59.92,95.31,96.41,78.71,78.15,75.92,83.02,3.0,89.04,-2.2830091015227243,112.17627058319032
Katingan,Kalimantan Tengah,-1.6998763116309106,113.05983209066288,3651.0,59.92,95.31,96.41,78.71,78.15,75.92,83.02,3.0,89.04,-1.6998763116309106,113.05983209066288
Pulang Pisau,Kalimantan Tengah,-2.716050586507444,113.95521249515562,3651.0,59.92,95.31,96.41,78.71,78.15,75.92,83.02,3.0,89.04,-2.716050586507444,113.95521249515562
Gunung Mas,Kalimantan Tengah,-1.025667237910998,113.53316192615937,3651.0,59.92,95.31,96.41,78.71,78.15,75.92,83.02,3.0,89.04,-1.025667237910998,113.53316192615937
Barito Timur,Kalimantan Tengah,-1.9781858653198352,115.1596445727158,3651.0,59.92,95.31,96.41,78.71,78.15,75.92,83.02,3.0,89.04,-1.9781858653198352,115.1596445727158
Murung Raya,Kalimantan Tengah,-0.0309139866712799,114.2791010177853,3651.0,59.92,95.31,96.41,78.71,78.15,75.92,83.02,3.0,89.04,-0.0309139866712799,114.2791010177853
Kota Palangka Raya,Kalimantan Tengah,-2.0184573277309483,113.7690709379542,3651.0,59.92,95.31,96.41,78.71,78.15,75.92,83.02,3.0,89.04,-2.0184573277309483,113.7690709379542
Tanah Laut,Kalimantan Selatan,-3.8188206233003856,114.90339051664772,5102.0,60.6,91.2,96.42,77.34,83.7,83.52,84.53,4.41,98.89,-3.8188206233003856,114.90339051664772
Kota Baru,Kalimantan Selatan,-2.986971197080788,116.06540100677636,5102.0,60.6,91.2,96.42,77.34,83.7,83.52,84.53,4.41,98.89,-2.986971197080788,116.06540100677636
Banjar,Kalimantan Selatan,-3.3182526363359104,115.08834626802737,5102.0,60.6,91.2,96.42,77.34,83.7,83.52,84.53,4.41,98.89,-3.3182526363359104,115.08834626802737
Barito Kuala,Kalimantan Selatan,-3.090319906535417,114.6260716781393,5102.0,60.6,91.2,96.42,77.34,83.7,83.52,84.53,4.41,98.89,-3.090319906535417,114.6260716781393
Tapin,Kalimantan Selatan,-2.9246706926356616,115.04784371771024,5102.0,60.6,91.2,96.42,77.34,83.7,83.52,84.53,4.41,98.89,-2.9246706926356616,115.04784371771024
Hulu Sungai Selatan,Kalimantan Selatan,-2.7282749058159417,115.20686770152552,5102.0,60.6,91.2,96.42,77.34,83.7,83.52,84.53,4.41,98.89,-2.7282749058159417,115.20686770152552
Hulu Sungai Tengah,Kalimantan Selatan,-2.603491692591009,115.50213492251886,5102.0,60.6,91.2,96.42,77.34,83.7,83.52,84.53,4.41,98.89,-2.603491692591009,115.50213492251886
Hulu Sungai Utara,Kalimantan Selatan,-2.44207016297298,115.1570756215227,5102.0,60.6,91.2,96.42,77.34,83.7,83.52,84.53,4.41,98.89,-2.44207016297298,115.1570756215227
Tabalong,Kalimantan Selatan,-1.8860139504072035,115.5164777407128,5102.0,60.6,91.2,96.42,77.34,83.7,83.52,84.53,4.41,98.89,-1.8860139504072035,115.5164777407128
Tanah Bumbu,Kalimantan Selatan,-3.4473565814109617,115.65456661548228,5102.0,60.6,91.2,96.42,77.34,83.7,83.52,84.53,4.41,98.89,-3.4473565814109617,115.65456661548228
Balangan,Kalimantan Selatan,-2.3191394308983333,115.64216901304246,5102.0,60.6,91.2,96.42,77.34,83.7,83.52,84.53,4.41,98.89,-2.3191394308983333,115.64216901304246
Kota Banjarmasin,Kalimantan Selatan,-3.3293462877962026,114.59191351594647,5102.0,60.6,91.2,96.42,77.34,83.7,83.52,84.53,4.41,98.89,-3.3293462877962026,114.59191351594647
Kota Banjar Baru,Kalimantan Selatan,-3.47644399931756,114.81839100590504,5102.0,60.6,91.2,96.42,77.34,83.7,83.52,84.53,4.41,98.89,-3.47644399931756,114.81839100590504
Paser,Kalimantan Timur,-1.7332628113703166,116.09352565984182,19613.0,76.77,97.02,94.21,89.11,91.65,79.03,76.99,10.15,96.5,-1.7332628113703166,116.09352565984182
Kutai Barat,Kalimantan Timur,-0.5059553444317486,115.83378504956966,19613.0,76.77,97.02,94.21,89.11,91.65,79.03,76.99,10.15,96.5,-0.5059553444317486,115.83378504956966
Kutai Kartanegara,Kalimantan Timur,0.0867409391133,116.51267116110702,19613.0,76.77,97.02,94.21,89.11,91.65,79.03,76.99,10.15,96.5,0.0867409391133,116.51267116110702
Kutai Timur,Kalimantan Timur,0.9577274654611032,117.13841593558853,19613.0,76.77,97.02,94.21,89.11,91.65,79.03,76.99,10.15,96.5,0.9577274654611032,117.13841593558853
Berau,Kalimantan Timur,1.92838399824234,117.30377903566624,19613.0,76.77,97.02,94.21,89.11,91.65,79.03,76.99,10.15,96.5,1.92838399824234,117.30377903566624
Penajam Paser Utara,Kalimantan Timur,-1.156951164525268,116.59675158527824,19613.0,76.77,97.02,94.21,89.11,91.65,79.03,76.99,10.15,96.5,-1.156951164525268,116.59675158527824
Mahakam Hulu,Kalimantan Timur,0.7193701324654842,114.87159673378106,19613.0,76.77,97.02,94.21,89.11,91.65,79.03,76.99,10.15,96.5,0.7193701324654842,114.87159673378106
Kota Balikpapan,Kalimantan Timur,-1.1593695505398638,116.86560429184888,19613.0,76.77,97.02,94.21,89.11,91.65,79.03,76.99,10.15,96.5,-1.1593695505398638,116.86560429184888
Kota Samarinda,Kalimantan Timur,-0.500724642900534,117.17870684223568,19613.0,76.77,97.02,94.21,89.11,91.65,79.03,76.99,10.15,96.5,-0.500724642900534,117.17870684223568
Kota Bontang,Kalimantan Timur,0.0907313418429425,117.45715143124094,19613.0,76.77,97.02,94.21,89.11,91.65,79.03,76.99,10.15,96.5,0.0907313418429425,117.45715143124094
Malinau,Kalimantan Utara,2.478197327264458,115.71684766849422,12960.0,69.65,99.39,92.44,89.42,85.17,78.0,78.31,9.34,96.18,2.478197327264458,115.71684766849422
Bulungan,Kalimantan Utara,2.814671316085301,117.03748834756485,12960.0,69.65,99.39,92.44,89.42,85.17,78.0,78.31,9.34,96.18,2.814671316085301,117.03748834756485
Tana Tidung,Kalimantan Utara,3.5517390187857774,117.16711529146264,12960.0,69.65,99.39,92.44,89.42,85.17,78.0,78.31,9.34,96.18,3.5517390187857774,117.16711529146264
Nunukan,Kalimantan Utara,3.994608092541799,116.66301427031198,12960.0,69.65,99.39,92.44,89.42,85.17,78.0,78.31,9.34,96.18,3.994608092541799,116.66301427031198
Kota Tarakan,Kalimantan Utara,3.3594056365995613,117.59951132082055,12960.0,69.65,99.39,92.44,89.42,85.17,78.0,78.31,9.34,96.18,3.3594056365995613,117.59951132082055
Bolaang Mongondow,Sulawesi Utara,0.7079298002982987,124.0402735102605,2728.0,74.21,94.32,92.45,94.46,87.31,87.04,79.51,2.18,99.67,0.7079298002982987,124.0402735102605
Minahasa,Sulawesi Utara,1.254683946714502,124.85416947353444,2728.0,74.21,94.32,92.45,94.46,87.31,87.04,79.51,2.18,99.67,1.254683946714502,124.85416947353444
Kepulauan Sangihe,Sulawesi Utara,3.550699306634365,125.5413046408275,2728.0,74.21,94.32,92.45,94.46,87.31,87.04,79.51,2.18,99.67,3.550699306634365,125.5413046408275
Kepulauan Talaud,Sulawesi Utara,4.22564864085994,126.78163357385398,2728.0,74.21,94.32,92.45,94.46,87.31,87.04,79.51,2.18,99.67,4.22564864085994,126.78163357385398
Minahasa Selatan,Sulawesi Utara,1.084592318650189,124.5210498968124,2728.0,74.21,94.32,92.45,94.46,87.31,87.04,79.51,2.18,99.67,1.084592318650189,124.5210498968124
Minahasa Utara,Sulawesi Utara,1.5491395534727643,125.00805318715162,2728.0,74.21,94.32,92.45,94.46,87.31,87.04,79.51,2.18,99.67,1.5491395534727643,125.00805318715162
Bolaang Mongondow Utara,Sulawesi Utara,0.7679520228650861,123.48113248329724,2728.0,74.21,94.32,92.45,94.46,87.31,87.04,79.51,2.18,99.67,0.7679520228650861,123.48113248329724
Siau Tagulandang Biaro,Sulawesi Utara,2.539823821830396,125.397015817234,2728.0,74.21,94.32,92.45,94.46,87.31,87.04,79.51,2.18,99.67,2.539823821830396,125.397015817234
Minahasa Tenggara,Sulawesi Utara,1.010283964466255,124.72189642762316,2728.0,74.21,94.32,92.45,94.46,87.31,87.04,79.51,2.18,99.67,1.010283964466255,124.72189642762316
Bolaang Mongondow Selatan,Sulawesi Utara,0.4442332840084854,123.93289683588831,2728.0,74.21,94.32,92.45,94.46,87.31,87.04,79.51,2.18,99.67,0.4442332840084854,123.93289683588831
Bolaang Mongondow Timur,Sulawesi Utara,0.7194460013161875,124.51221849509508,2728.0,74.21,94.32,92.45,94.46,87.31,87.04,79.51,2.18,99.67,0.7194460013161875,124.51221849509508
Kota Manado,Sulawesi Utara,1.524707419530354,124.8485574863175,2728.0,74.21,94.32,92.45,94.46,87.31,87.04,79.51,2.18,99.67,1.524707419530354,124.8485574863175
Kota Bitung,Sulawesi Utara,1.4847766531980933,125.16143005138986,2728.0,74.21,94.32,92.45,94.46,87.31,87.04,79.51,2.18,99.67,1.4847766531980933,125.16143005138986
Kota Tomohon,Sulawesi Utara,1.3243124088506133,124.81490008204054,2728.0,74.21,94.32,92.45,94.46,87.31,87.04,79.51,2.18,99.67,1.3243124088506133,124.81490008204054
Kota Kotamobagu,Sulawesi Utara,0.7107966566528764,124.319062826437,2728.0,74.21,94.32,92.45,94.46,87.31,87.04,79.51,2.18,99.67,0.7107966566528764,124.319062826437
Danau,Sulawesi Utara,1.1703153091073697,124.84418932306428,2728.0,74.21,94.32,92.45,94.46,87.31,87.04,79.51,2.18,99.67,1.1703153091073697,124.84418932306428
Banggai Kepulauan,Sulawesi Tengah,-1.3722257733725756,123.14378275215064,5505.0,62.59,94.48,89.66,87.86,77.4,80.03,88.63,2.87,96.6,-1.3722257733725756,123.14378275215064
Banggai,Sulawesi Tengah,-1.020828251781165,122.58364281517858,5505.0,62.59,94.48,89.66,87.86,77.4,80.03,88.63,2.87,96.6,-1.020828251781165,122.58364281517858
Morowali,Sulawesi Tengah,-2.693858143756445,121.91358340989603,5505.0,62.59,94.48,89.66,87.86,77.4,80.03,88.63,2.87,96.6,-2.693858143756445,121.91358340989603
Poso,Sulawesi Tengah,-1.6808249699790456,120.52109200580097,5505.0,62.59,94.48,89.66,87.86,77.4,80.03,88.63,2.87,96.6,-1.6808249699790456,120.52109200580097
Donggala,Sulawesi Tengah,-0.3958714227224924,119.83572137225428,5505.0,62.59,94.48,89.66,87.86,77.4,80.03,88.63,2.87,96.6,-0.3958714227224924,119.83572137225428
Toli-Toli,Sulawesi Tengah,0.9260110160801454,120.718922936246,5505.0,62.59,94.48,89.66,87.86,77.4,80.03,88.63,2.87,96.6,0.9260110160801454,120.718922936246
Buol,Sulawesi Tengah,0.9779759812140192,121.37277864029174,5505.0,62.59,94.48,89.66,87.86,77.4,80.03,88.63,2.87,96.6,0.9779759812140192,121.37277864029174
Parigi Moutong,Sulawesi Tengah,0.0166465371896912,120.45141157785832,5505.0,62.59,94.48,89.66,87.86,77.4,80.03,88.63,2.87,96.6,0.0166465371896912,120.45141157785832
Tojo Una-Una,Sulawesi Tengah,-1.1123704901227185,121.57623490117771,5505.0,62.59,94.48,89.66,87.86,77.4,80.03,88.63,2.87,96.6,-1.1123704901227185,121.57623490117771
Sigi,Sulawesi Tengah,-1.4084885754863068,119.97044127960676,5505.0,62.59,94.48,89.66,87.86,77.4,80.03,88.63,2.87,96.6,-1.4084885754863068,119.97044127960676
Banggai Laut,Sulawesi Tengah,-1.7888517867987404,123.53460720792536,5505.0,62.59,94.48,89.66,87.86,77.4,80.03,88.63,2.87,96.6,-1.7888517867987404,123.53460720792536
Morowali Utara,Sulawesi Tengah,-1.814557582129941,121.38496712685117,5505.0,62.59,94.48,89.66,87.86,77.4,80.03,88.63,2.87,96.6,-1.814557582129941,121.38496712685117
Kota Palu,Sulawesi Tengah,-0.8298028204813959,119.90997383754002,5505.0,62.59,94.48,89.66,87.86,77.4,80.03,88.63,2.87,96.6,-0.8298028204813959,119.90997383754002
Kepulauan Selayar,Sulawesi Selatan,-6.561885064178744,120.71525321468096,2418.0,71.86,86.09,94.51,92.23,93.83,85.66,88.25,2.09,98.23,-6.561885064178744,120.71525321468096
Bulukumba,Sulawesi Selatan,-5.432469210346689,120.23600655247216,2418.0,71.86,86.09,94.51,92.23,93.83,85.66,88.25,2.09,98.23,-5.432469210346689,120.23600655247216
Bantaeng,Sulawesi Selatan,-5.48818963820113,119.98691130771574,2418.0,71.86,86.09,94.51,92.23,93.83,85.66,88.25,2.09,98.23,-5.48818963820113,119.98691130771574
Jeneponto,Sulawesi Selatan,-5.567517226647006,119.69844683627883,2418.0,71.86,86.09,94.51,92.23,93.83,85.66,88.25,2.09,98.23,-5.567517226647006,119.69844683627883
Takalar,Sulawesi Selatan,-5.419755829850611,119.47055758929334,2418.0,71.86,86.09,94.51,92.23,93.83,85.66,88.25,2.09,98.23,-5.419755829850611,119.47055758929334
Gowa,Sulawesi Selatan,-5.309278930783019,119.71872707452646,2418.0,71.86,86.09,94.51,92.23,93.83,85.66,88.25,2.09,98.23,-5.309278930783019,119.71872707452646
Sinjai,Sulawesi Selatan,-5.209746428804532,120.13586687957276,2418.0,71.86,86.09,94.51,92.23,93.83,85.66,88.25,2.09,98.23,-5.209746428804532,120.13586687957276
Maros,Sulawesi Selatan,-5.000696327514021,119.7247490450224,2418.0,71.86,86.09,94.51,92.23,93.83,85.66,88.25,2.09,98.23,-5.000696327514021,119.7247490450224
Pangkajene Dan Kepulauan,Sulawesi Selatan,-4.939837253159422,119.47868449327513,2418.0,71.86,86.09,94.51,92.23,93.83,85.66,88.25,2.09,98.23,-4.939837253159422,119.47868449327513
Barru,Sulawesi Selatan,-4.441677904311638,119.69414528310529,2418.0,71.86,86.09,94.51,92.23,93.83,85.66,88.25,2.09,98.23,-4.441677904311638,119.69414528310529
Bone,Sulawesi Selatan,-4.69481489107113,120.129585872919,2418.0,71.86,86.09,94.51,92.23,93.83,85.66,88.25,2.09,98.23,-4.69481489107113,120.129585872919
Soppeng,Sulawesi Selatan,-4.339045666325047,119.89211090141552,2418.0,71.86,86.09,94.51,92.23,93.83,85.66,88.25,2.09,98.23,-4.339045666325047,119.89211090141552
Wajo,Sulawesi Selatan,-4.0065376597868605,120.17100020113,2418.0,71.86,86.09,94.51,92.23,93.83,85.66,88.25,2.09,98.23,-4.0065376597868605,120.17100020113
Sidenreng Rappang,Sulawesi Selatan,-3.8072903094978994,119.97142678938624,2418.0,71.86,86.09,94.51,92.23,93.83,85.66,88.25,2.09,98.23,-3.8072903094978994,119.97142678938624
Pinrang,Sulawesi Selatan,-3.6224569765611743,119.59991636023922,2418.0,71.86,86.09,94.51,92.23,93.83,85.66,88.25,2.09,98.23,-3.6224569765611743,119.59991636023922
Enrekang,Sulawesi Selatan,-3.503723977200986,119.87202985205336,2418.0,71.86,86.09,94.51,92.23,93.83,85.66,88.25,2.09,98.23,-3.503723977200986,119.87202985205336
Luwu,Sulawesi Selatan,-3.198548471259324,120.18254653138312,2418.0,71.86,86.09,94.51,92.23,93.83,85.66,88.25,2.09,98.23,-3.198548471259324,120.18254653138312
Tana Toraja,Sulawesi Selatan,-3.10851239609031,119.71237539504908,2418.0,71.86,86.09,94.51,92.23,93.83,85.66,88.25,2.09,98.23,-3.10851239609031,119.71237539504908
Luwu Utara,Sulawesi Selatan,-2.394945844819459,120.16072592296938,2418.0,71.86,86.09,94.51,92.23,93.83,85.66,88.25,2.09,98.23,-2.394945844819459,120.16072592296938
Luwu Timur,Sulawesi Selatan,-2.5506780734644283,121.1385182487634,2418.0,71.86,86.09,94.51,92.23,93.83,85.66,88.25,2.09,98.23,-2.5506780734644283,121.1385182487634
Toraja Utara,Sulawesi Selatan,-2.888179389700725,119.86893361264688,2418.0,71.86,86.09,94.51,92.23,93.83,85.66,88.25,2.09,98.23,-2.888179389700725,119.86893361264688
Kota Makassar,Sulawesi Selatan,-5.133417576267245,119.46114643830622,2418.0,71.86,86.09,94.51,92.23,93.83,85.66,88.25,2.09,98.23,-5.133417576267245,119.46114643830622
Kota Parepare,Sulawesi Selatan,-4.029351701078474,119.66160212311384,2418.0,71.86,86.09,94.51,92.23,93.83,85.66,88.25,2.09,98.23,-4.029351701078474,119.66160212311384
Kota Palopo,Sulawesi Selatan,-2.9804740323489325,120.14788227898318,2418.0,71.86,86.09,94.51,92.23,93.83,85.66,88.25,2.09,98.23,-2.9804740323489325,120.14788227898318
Buton,Sulawesi Tenggara,-5.312806972636647,122.92447842029794,1719.0,76.67,93.46,93.03,95.31,90.62,86.6,91.37,2.32,97.83,-5.312806972636647,122.92447842029794
Muna,Sulawesi Tenggara,-4.93950199191677,122.6386003935254,1719.0,76.67,93.46,93.03,95.31,90.62,86.6,91.37,2.32,97.83,-4.93950199191677,122.6386003935254
Konawe,Sulawesi Tenggara,-3.5253946861663024,121.88615783244352,1719.0,76.67,93.46,93.03,95.31,90.62,86.6,91.37,2.32,97.83,-3.5253946861663024,121.88615783244352
Kolaka,Sulawesi Tenggara,-4.074941350464884,121.52935628760623,1719.0,76.67,93.46,93.03,95.31,90.62,86.6,91.37,2.32,97.83,-4.074941350464884,121.52935628760623
Konawe Selatan,Sulawesi Tenggara,-4.2626521810580105,122.42083547140172,1719.0,76.67,93.46,93.03,95.31,90.62,86.6,91.37,2.32,97.83,-4.2626521810580105,122.42083547140172
Bombana,Sulawesi Tenggara,-4.797843751008696,121.8512758026264,1719.0,76.67,93.46,93.03,95.31,90.62,86.6,91.37,2.32,97.83,-4.797843751008696,121.8512758026264
Wakatobi,Sulawesi Tenggara,-5.57073394620619,123.78490034205323,1719.0,76.67,93.46,93.03,95.31,90.62,86.6,91.37,2.32,97.83,-5.57073394620619,123.78490034205323
Kolaka Utara,Sulawesi Tenggara,-3.2454609822046536,121.1519235658838,1719.0,76.67,93.46,93.03,95.31,90.62,86.6,91.37,2.32,97.83,-3.2454609822046536,121.1519235658838
Buton Utara,Sulawesi Tenggara,-4.695606567787955,123.01743801306476,1719.0,76.67,93.46,93.03,95.31,90.62,86.6,91.37,2.32,97.83,-4.695606567787955,123.01743801306476
Konawe Utara,Sulawesi Tenggara,-3.385155741498977,121.99693076917282,1719.0,76.67,93.46,93.03,95.31,90.62,86.6,91.37,2.32,97.83,-3.385155741498977,121.99693076917282
Kolaka Timur,Sulawesi Tenggara,-3.795358014136125,121.61223761433818,1719.0,76.67,93.46,93.03,95.31,90.62,86.6,91.37,2.32,97.83,-3.795358014136125,121.61223761433818
Konawe Kepulauan,Sulawesi Tenggara,-4.114415857468587,123.0950540658955,1719.0,76.67,93.46,93.03,95.31,90.62,86.6,91.37,2.32,97.83,-4.114415857468587,123.0950540658955
Muna Barat,Sulawesi Tenggara,-4.817475718396876,122.4931435851942,1719.0,76.67,93.46,93.03,95.31,90.62,86.6,91.37,2.32,97.83,-4.817475718396876,122.4931435851942
Buton Tengah,Sulawesi Tenggara,-5.316823821936229,122.39897465856188,1719.0,76.67,93.46,93.03,95.31,90.62,86.6,91.37,2.32,97.83,-5.316823821936229,122.39897465856188
Buton Selatan,Sulawesi Tenggara,-5.605820914082521,122.6772899869363,1719.0,76.67,93.46,93.03,95.31,90.62,86.6,91.37,2.32,97.83,-5.605820914082521,122.6772899869363
Kota Kendari,Sulawesi Tenggara,-4.000395568535314,122.5326209280227,1719.0,76.67,93.46,93.03,95.31,90.62,86.6,91.37,2.32,97.83,-4.000395568535314,122.5326209280227
Kota Baubau,Sulawesi Tenggara,-5.430032694039403,122.67526754702853,1719.0,76.67,93.46,93.03,95.31,90.62,86.6,91.37,2.32,97.83,-5.430032694039403,122.67526754702853
Boalemo,Gorontalo,0.6555993394361129,122.3258783692438,1044.0,72.04,97.85,89.0,96.13,82.99,82.62,86.05,1.07,98.99,0.6555993394361129,122.3258783692438
Gorontalo,Gorontalo,0.6937946800927688,122.71075819951798,1044.0,72.04,97.85,89.0,96.13,82.99,82.62,86.05,1.07,98.99,0.6937946800927688,122.71075819951798
Pohuwato,Gorontalo,0.6881180518748828,121.71103714382409,1044.0,72.04,97.85,89.0,96.13,82.99,82.62,86.05,1.07,98.99,0.6881180518748828,121.71103714382409
Bone Bolango,Gorontalo,0.5331299970924822,123.2911431454798,1044.0,72.04,97.85,89.0,96.13,82.99,82.62,86.05,1.07,98.99,0.5331299970924822,123.2911431454798
Gorontalo Utara,Gorontalo,0.8860781037966813,122.66000381377007,1044.0,72.04,97.85,89.0,96.13,82.99,82.62,86.05,1.07,98.99,0.8860781037966813,122.66000381377007
Kota Gorontalo,Gorontalo,0.539453813949424,123.05579414696372,1044.0,72.04,97.85,89.0,96.13,82.99,82.62,86.05,1.07,98.99,0.539453813949424,123.05579414696372
Majene,Sulawesi Barat,-3.167416678928875,118.91968133951116,602.0,59.95,91.59,91.7,80.14,82.52,78.07,94.2,0.51,94.99,-3.167416678928875,118.91968133951116
Polewali Mandar,Sulawesi Barat,-3.3119455599831022,119.14448117838847,602.0,59.95,91.59,91.7,80.14,82.52,78.07,94.2,0.51,94.99,-3.3119455599831022,119.14448117838847
Mamasa,Sulawesi Barat,-2.9488046518090174,119.31189208704916,602.0,59.95,91.59,91.7,80.14,82.52,78.07,94.2,0.51,94.99,-2.9488046518090174,119.31189208704916
Mamuju,Sulawesi Barat,-2.530675005155979,119.32496692861989,602.0,59.95,91.59,91.7,80.14,82.52,78.07,94.2,0.51,94.99,-2.530675005155979,119.32496692861989
Mamuju Utara,Sulawesi Barat,-1.4856642101042288,119.5072072923238,602.0,59.95,91.59,91.7,80.14,82.52,78.07,94.2,0.51,94.99,-1.4856642101042288,119.5072072923238
Mamuju Tengah,Sulawesi Barat,-2.0077678624582096,119.51843699999698,602.0,59.95,91.59,91.7,80.14,82.52,78.07,94.2,0.51,94.99,-2.0077678624582096,119.51843699999698
Maluku Tenggara Barat,Maluku,-7.584403269203593,131.36764906687992,6035.0,66.13,92.7,89.11,93.32,80.51,76.5,,,95.37,-7.584403269203593,131.36764906687992
Maluku Tenggara,Maluku,-5.674753702693174,132.8903569832338,6035.0,66.13,92.7,89.11,93.32,80.51,76.5,,,95.37,-5.674753702693174,132.8903569832338
Maluku Tengah,Maluku,-3.15935989966076,129.29145096301465,6035.0,66.13,92.7,89.11,93.32,80.51,76.5,,,95.37,-3.15935989966076,129.29145096301465
Buru,Maluku,-3.3029380851024497,126.72128545301786,6035.0,66.13,92.7,89.11,93.32,80.51,76.5,,,95.37,-3.3029380851024497,126.72128545301786
Kepulauan Aru,Maluku,-6.195864787642663,134.4504113378623,6035.0,66.13,92.7,89.11,93.32,80.51,76.5,,,95.37,-6.195864787642663,134.4504113378623
Seram Bagian Barat,Maluku,-3.1334669972558187,128.35347843533975,6035.0,66.13,92.7,89.11,93.32,80.51,76.5,,,95.37,-3.1334669972558187,128.35347843533975
Seram Bagian Timur,Maluku,-3.415883664078097,130.4383098381614,6035.0,66.13,92.7,89.11,93.32,80.51,76.5,,,95.37,-3.415883664078097,130.4383098381614
Maluku Barat Daya,Maluku,-7.823386987554771,127.32388067120571,6035.0,66.13,92.7,89.11,93.32,80.51,76.5,,,95.37,-7.823386987554771,127.32388067120571
Buru Selatan,Maluku,-3.5696048639061364,126.55282333999756,6035.0,66.13,92.7,89.11,93.32,80.51,76.5,,,95.37,-3.5696048639061364,126.55282333999756
Kota Ambon,Maluku,-3.677179835792088,128.1797045281591,6035.0,66.13,92.7,89.11,93.32,80.51,76.5,,,95.37,-3.677179835792088,128.1797045281591
Kota Tual,Maluku,-5.553113332631026,132.46653751842126,6035.0,66.13,92.7,89.11,93.32,80.51,76.5,,,95.37,-5.553113332631026,132.46653751842126
Halmahera Barat,Maluku Utara,1.3641783935751373,127.58966802629412,3164.0,68.05,93.28,93.68,88.92,82.32,83.79,,,94.27,1.3641783935751373,127.58966802629412
Halmahera Tengah,Maluku Utara,0.4027410674866196,128.2821960219882,3164.0,68.05,93.28,93.68,88.92,82.32,83.79,,,94.27,0.4027410674866196,128.2821960219882
Kepulauan Sula,Maluku Utara,-1.9632967008633933,125.8390745560858,3164.0,68.05,93.28,93.68,88.92,82.32,83.79,,,94.27,-1.9632967008633933,125.8390745560858
Halmahera Selatan,Maluku Utara,-0.8235483295334192,127.70511015063754,3164.0,68.05,93.28,93.68,88.92,82.32,83.79,,,94.27,-0.8235483295334192,127.70511015063754
Halmahera Utara,Maluku Utara,1.5423150567150865,127.83106228613684,3164.0,68.05,93.28,93.68,88.92,82.32,83.79,,,94.27,1.5423150567150865,127.83106228613684
Halmahera Timur,Maluku Utara,1.031173281868358,128.30855563949143,3164.0,68.05,93.28,93.68,88.92,82.32,83.79,,,94.27,1.031173281868358,128.30855563949143
Pulau Morotai,Maluku Utara,2.316572985700195,128.44836091184416,3164.0,68.05,93.28,93.68,88.92,82.32,83.79,,,94.27,2.316572985700195,128.44836091184416
Pulau Taliabu,Maluku Utara,-1.818859949789612,124.74064209955654,3164.0,68.05,93.28,93.68,88.92,82.32,83.79,,,94.27,-1.818859949789612,124.74064209955654
Kota Ternate,Maluku Utara,0.8388326849972515,127.17256885981035,3164.0,68.05,93.28,93.68,88.92,82.32,83.79,,,94.27,0.8388326849972515,127.17256885981035
Kota Tidore Kepulauan,Maluku Utara,0.4851921048355661,127.67367006071122,3164.0,68.05,93.28,93.68,88.92,82.32,83.79,,,94.27,0.4851921048355661,127.67367006071122
Fakfak,Papua Barat,-3.0592979605554755,132.91208544589364,16037.0,58.22,98.33,88.86,82.38,79.0,64.43,,,82.31,-3.0592979605554755,132.91208544589364
Kaimana,Papua Barat,-3.61303349806227,134.02252031797124,16037.0,58.22,98.33,88.86,82.38,79.0,64.43,,,82.31,-3.61303349806227,134.02252031797124
Teluk Wondama,Papua Barat,-2.8228113020918952,134.37448736339238,16037.0,58.22,98.33,88.86,82.38,79.0,64.43,,,82.31,-2.8228113020918952,134.37448736339238
Teluk Bintuni,Papua Barat,-2.0030982905791928,133.308510859766,16037.0,58.22,98.33,88.86,82.38,79.0,64.43,,,82.31,-2.0030982905791928,133.308510859766
Sorong Selatan,Papua Barat,-1.7166784648883764,132.15111985562763,16037.0,58.22,98.33,88.86,82.38,79.0,64.43,,,82.31,-1.7166784648883764,132.15111985562763
Sorong,Papua Barat,-1.1165906216046029,131.56448723464018,16037.0,58.22,98.33,88.86,82.38,79.0,64.43,,,82.31,-1.1165906216046029,131.56448723464018
Raja Ampat,Papua Barat,-0.9001476361814366,130.57427934381653,16037.0,58.22,98.33,88.86,82.38,79.0,64.43,,,82.31,-0.9001476361814366,130.57427934381653
Tambrauw,Papua Barat,-0.806709841623473,132.7511333662371,16037.0,58.22,98.33,88.86,82.38,79.0,64.43,,,82.31,-0.806709841623473,132.7511333662371
Maybrat,Papua Barat,-1.322247777460044,132.3756784814474,16037.0,58.22,98.33,88.86,82.38,79.0,64.43,,,82.31,-1.322247777460044,132.3756784814474
Manokwari Selatan,Papua Barat,-1.5930660926045703,133.97273598008962,16037.0,58.22,98.33,88.86,82.38,79.0,64.43,,,82.31,-1.5930660926045703,133.97273598008962
Kota Sorong,Papua Barat,-0.8704765906438268,131.33783800464067,16037.0,58.22,98.33,88.86,82.38,79.0,64.43,,,82.31,-0.8704765906438268,131.33783800464067
Merauke,Papua,-7.840149703675268,139.70434046029644,20232.0,62.15,96.68,87.0,85.84,80.57,65.15,,,90.24,-7.840149703675268,139.70434046029644
Jayawijaya,Papua,-4.088256158070627,138.86933795051496,20232.0,62.15,96.68,87.0,85.84,80.57,65.15,,,90.24,-4.088256158070627,138.86933795051496
Jayapura,Papua,-2.978903134852455,139.97582360159277,20232.0,62.15,96.68,87.0,85.84,80.57,65.15,,,90.24,-2.978903134852455,139.97582360159277
Nabire,Papua,-3.376555491288597,135.58432543038532,20232.0,62.15,96.68,87.0,85.84,80.57,65.15,,,90.24,-3.376555491288597,135.58432543038532
Kepulauan Yapen,Papua,-1.7456981623012486,136.17413436330068,20232.0,62.15,96.68,87.0,85.84,80.57,65.15,,,90.24,-1.7456981623012486,136.17413436330068
Biak Numfor,Papua,-1.0039940460778705,135.84431533497525,20232.0,62.15,96.68,87.0,85.84,80.57,65.15,,,90.24,-1.0039940460778705,135.84431533497525
Paniai,Papua,-3.8051988502703136,136.49284009488457,20232.0,62.15,96.68,87.0,85.84,80.57,65.15,,,90.24,-3.8051988502703136,136.49284009488457
Puncak Jaya,Papua,-3.460215580962725,137.84375769327374,20232.0,62.15,96.68,87.0,85.84,80.57,65.15,,,90.24,-3.460215580962725,137.84375769327374
Mimika,Papua,-4.500496139802828,136.69388567346363,20232.0,62.15,96.68,87.0,85.84,80.57,65.15,,,90.24,-4.500496139802828,136.69388567346363
Boven Digoel,Papua,-5.987000924524434,140.36645217355553,20232.0,62.15,96.68,87.0,85.84,80.57,65.15,,,90.24,-5.987000924524434,140.36645217355553
Mappi,Papua,-6.495805617760449,139.3990145586796,20232.0,62.15,96.68,87.0,85.84,80.57,65.15,,,90.24,-6.495805617760449,139.3990145586796
Asmat,Papua,-5.369080519807628,138.56035063859574,20232.0,62.15,96.68,87.0,85.84,80.57,65.15,,,90.24,-5.369080519807628,138.56035063859574
Yahukimo,Papua,-4.48920644486582,139.60325048543234,20232.0,62.15,96.68,87.0,85.84,80.57,65.15,,,90.24,-4.48920644486582,139.60325048543234
Pegunungan Bintang,Papua,-4.51749718585348,140.53269475341327,20232.0,62.15,96.68,87.0,85.84,80.57,65.15,,,90.24,-4.51749718585348,140.53269475341327
Tolikara,Papua,-3.483927785594827,138.40858719051505,20232.0,62.15,96.68,87.0,85.84,80.57,65.15,,,90.24,-3.483927785594827,138.40858719051505
Sarmi,Papua,-2.471878085602691,139.00316703754345,20232.0,62.15,96.68,87.0,85.84,80.57,65.15,,,90.24,-2.471878085602691,139.00316703754345
Keerom,Papua,-3.332129541727913,140.68325992453882,20232.0,62.15,96.68,87.0,85.84,80.57,65.15,,,90.24,-3.332129541727913,140.68325992453882
Waropen,Papua,-2.746968245977208,136.72818551310243,20232.0,62.15,96.68,87.0,85.84,80.57,65.15,,,90.24,-2.746968245977208,136.72818551310243
Supiori,Papua,-0.7320891587827743,135.56465243738694,20232.0,62.15,96.68,87.0,85.84,80.57,65.15,,,90.24,-0.7320891587827743,135.56465243738694
Mamberamo Raya,Papua,-2.489622234073396,137.96906678293686,20232.0,62.15,96.68,87.0,85.84,80.57,65.15,,,90.24,-2.489622234073396,137.96906678293686
Nduga,Papua,-4.427393078503478,138.24047338840816,20232.0,62.15,96.68,87.0,85.84,80.57,65.15,,,90.24,-4.427393078503478,138.24047338840816
Lanny Jaya,Papua,-3.9856667853320538,138.27098218450453,20232.0,62.15,96.68,87.0,85.84,80.57,65.15,,,90.24,-3.9856667853320538,138.27098218450453
Mamberamo Tengah,Papua,-3.608634111585949,139.0276651416352,20232.0,62.15,96.68,87.0,85.84,80.57,65.15,,,90.24,-3.608634111585949,139.0276651416352
Yalimo,Papua,-3.813879354213458,139.4585918219737,20232.0,62.15,96.68,87.0,85.84,80.57,65.15,,,90.24,-3.813879354213458,139.4585918219737
Puncak,Papua,-3.6195420391071496,137.4000323600759,20232.0,62.15,96.68,87.0,85.84,80.57,65.15,,,90.24,-3.6195420391071496,137.4000323600759
Dogiyai,Papua,-4.016855376919882,135.66759910673224,20232.0,62.15,96.68,87.0,85.84,80.57,65.15,,,90.24,-4.016855376919882,135.66759910673224
Intan Jaya,Papua,-3.536387532808406,136.7448086261519,20232.0,62.15,96.68,87.0,85.84,80.57,65.15,,,90.24,-3.536387532808406,136.7448086261519
Deiyai,Papua,-4.140289573526386,136.38461568497954,20232.0,62.15,96.68,87.0,85.84,80.57,65.15,,,90.24,-4.140289573526386,136.38461568497954
Kota Jayapura,Papua,-2.659352331621906,140.80889644412335,20232.0,62.15,96.68,87.0,85.84,80.57,65.15,,,90.24,-2.659352331621906,140.80889644412335
Pegunungan Arfak,Papua Barat,-1.1953920807666962,133.7338928350233,16037.0,58.22,98.33,88.86,82.38,79.0,64.43,,,82.31,-1.1953920807666962,133.7338928350233
Manokwari,Papua Barat,-0.9083588052018188,133.8512580967311,16037.0,58.22,98.33,88.86,82.38,79.0,64.43,,,82.31,-0.9083588052018188,133.8512580967311
Ciamis,Jawa Barat,-7.29053690285331,108.42864856238518,10781.0,56.25,78.81,94.26,94.9,75.1,82.37,83.44,5.91,99.9,-7.29053690285331,108.42864856238518
Kaur,Bengkulu,-4.60719695403005,103.40750472085702,3399.0,56.52,95.61,95.66,72.1,83.01,81.71,89.76,3.49,99.75,-4.60719695403005,103.40750472085702
