provinsi,kabupaten_kota,latitude,longitude,prediksi_sewa,rumah_layak_huni,ketahanan_bangunan,luas_lantai_7_2,akses_air_minum,akses_sanitasi,cuci_tangan,status_milik_sendiri,status_kontrak_sewa,listrik_pln
Aceh,Simeulue,2.61330075393744,96.0856764991656,-19447.82974310184,67.76,95.23,93.04,90.08,81.1,72.94,85.14,4.0,99.73
Aceh,Aceh Singkil,2.349932873671207,97.84708811266565,-19392.29459857762,67.76,95.23,93.04,90.08,81.1,72.94,85.14,4.0,99.73
Aceh,Aceh Selatan,3.162864197205998,97.43535097868704,-19464.75958797117,67.76,95.23,93.04,90.08,81.1,72.94,85.14,4.0,99.73
Aceh,Aceh Tenggara,3.369588141375133,97.69553624399175,-19476.001783685504,67.76,95.23,93.04,90.08,81.1,72.94,85.14,4.0,99.73
Aceh,Aceh Timur,4.628775218253062,97.62863899191314,-19577.00495159355,67.76,95.23,93.04,90.08,81.1,72.94,85.14,4.0,99.73
Aceh,Aceh Tengah,4.529983163965492,96.85903292978816,-19584.338730012896,67.76,95.23,93.04,90.08,81.1,72.94,85.14,4.0,99.73
Aceh,Aceh Barat,4.456642791653158,96.18545294650336,-19591.796523106867,67.76,95.23,93.04,90.08,81.1,72.94,85.14,4.0,99.73
Aceh,Aceh Besar,5.37993835388722,95.51560772870164,-19678.081279805217,67.76,95.23,93.04,90.08,81.1,72.94,85.14,4.0,99.73
Aceh,Pidie,5.06823430261328,96.00719580581875,-19643.724465769097,67.76,95.23,93.04,90.08,81.1,72.94,85.14,4.0,99.73
Aceh,Bireuen,5.093660197110013,96.60626620483842,-19633.940653855374,67.76,95.23,93.04,90.08,81.1,72.94,85.14,4.0,99.73
Aceh,Aceh Utara,5.014810884562706,97.18200393770852,-19616.361163644437,67.76,95.23,93.04,90.08,81.1,72.94,85.14,4.0,99.73
Aceh,Aceh Barat Daya,3.824899346498327,96.87832041328232,-19528.139676599712,67.76,95.23,93.04,90.08,81.1,72.94,85.14,4.0,99.73
Aceh,Gayo Lues,3.981926876475737,97.35753019373718,-19531.13460526319,67.76,95.23,93.04,90.08,81.1,72.94,85.14,4.0,99.73
Aceh,Aceh Tamiang,4.2277264896274405,97.9768813223268,-19538.397720496152,67.76,95.23,93.04,90.08,81.1,72.94,85.14,4.0,99.73
Aceh,Nagan Raya,4.1554101886194985,96.50678160781855,-19561.621393449208,67.76,95.23,93.04,90.08,81.1,72.94,85.14,4.0,99.73
Aceh,Aceh Jaya,4.832183582492392,95.6787063349432,-19631.505586366446,67.76,95.23,93.04,90.08,81.1,72.94,85.14,4.0,99.73
Aceh,Bener Meriah,4.76731428123898,97.00711786140104,-19600.211441887204,67.76,95.23,93.04,90.08,81.1,72.94,85.14,4.0,99.73
Aceh,Pidie Jaya,5.124714216277392,96.21353375772544,-19644.13266166866,67.76,95.23,93.04,90.08,81.1,72.94,85.14,4.0,99.73
Aceh,Kota Banda Aceh,5.5582585458478375,95.32792893073972,-19695.89403391363,67.76,95.23,93.04,90.08,81.1,72.94,85.14,4.0,99.73
Aceh,Kota Sabang,5.837818274585294,95.30560099195452,-19718.465565879862,67.76,95.23,93.04,90.08,81.1,72.94,85.14,4.0,99.73
Aceh,Kota Langsa,4.4836496210620185,97.98270912032424,-19558.543584379353,67.76,95.23,93.04,90.08,81.1,72.94,85.14,4.0,99.73
Aceh,Kota Lhokseumawe,5.16438222124501,97.11032437882828,-19629.613742747566,67.76,95.23,93.04,90.08,81.1,72.94,85.14,4.0,99.73
Aceh,Kota Subulussalam,2.7356148986637305,97.93724083673816,-19421.0525636935,67.76,95.23,93.04,90.08,81.1,72.94,85.14,4.0,99.73
Sumatera Utara,Nias,1.0659380543481671,97.7283721103582,-10252.963001788874,73.47,93.81,92.99,92.94,85.73,74.45,72.93,9.5,99.23
Sumatera Utara,Mandailing Natal,0.7743692720110582,99.3694323950025,-10197.565200459168,73.47,93.81,92.99,92.94,85.73,74.45,72.93,9.5,99.23
Sumatera Utara,Tapanuli Selatan,1.4927516224374695,99.25806495213416,-10256.630265167143,73.47,93.81,92.99,92.94,85.73,74.45,72.93,9.5,99.23
Sumatera Utara,Tapanuli Tengah,1.833899571929504,98.65973910759396,-10295.419904668195,73.47,93.81,92.99,92.94,85.73,74.45,72.93,9.5,99.23
Sumatera Utara,Tapanuli Utara,1.989765292401192,99.069738070246,-10299.685733461058,73.47,93.81,92.99,92.94,85.73,74.45,72.93,9.5,99.23
Sumatera Utara,Toba Samosir,2.379734143642217,99.26420792560832,-10326.72889401361,73.47,93.81,92.99,92.94,85.73,74.45,72.93,9.5,99.23
Sumatera Utara,Labuhan Batu,2.2793779375785164,100.05650117699756,-10303.182430415241,73.47,93.81,92.99,92.94,85.73,74.45,72.93,9.5,99.23
Sumatera Utara,Asahan,2.802539175504701,99.56285616535487,-10354.32014403996,73.47,93.81,92.99,92.94,85.73,74.45,72.93,9.5,99.23
Sumatera Utara,Simalungun,2.9770245290582444,99.0332350727967,-10378.562722554994,73.47,93.81,92.99,92.94,85.73,74.45,72.93,9.5,99.23
Sumatera Utara,Dairi,2.843626106152995,98.26728807093224,-10383.084771456308,73.47,93.81,92.99,92.94,85.73,74.45,72.93,9.5,99.23
Sumatera Utara,Karo,3.120679894629059,98.29603250779104,-10404.452215472847,73.47,93.81,92.99,92.94,85.73,74.45,72.93,9.5,99.23
Sumatera Utara,Deli Serdang,3.480872887902481,98.694353947794,-10425.123936669144,73.47,93.81,92.99,92.94,85.73,74.45,72.93,9.5,99.23
Sumatera Utara,Langkat,3.7107408658278698,98.22034601408176,-10452.655865752131,73.47,93.81,92.99,92.94,85.73,74.45,72.93,9.5,99.23
Sumatera Utara,Nias Selatan,0.3204254942983459,98.10360671246238,-10186.554138149368,73.47,93.81,92.99,92.94,85.73,74.45,72.93,9.5,99.23
Sumatera Utara,Humbang Hasundutan,2.270726316564301,98.57243150109733,-10331.721326187151,73.47,93.81,92.99,92.94,85.73,74.45,72.93,9.5,99.23
Sumatera Utara,Pakpak Bharat,2.5541773388086084,98.24060477639514,-10360.695468913516,73.47,93.81,92.99,92.94,85.73,74.45,72.93,9.5,99.23
Sumatera Utara,Samosir,2.5587223588770813,98.72129063005322,-10351.589774316106,73.47,93.81,92.99,92.94,85.73,74.45,72.93,9.5,99.23
Sumatera Utara,Serdang Bedagai,3.36716790342862,99.05853860444029,-10408.950867754767,73.47,93.81,92.99,92.94,85.73,74.45,72.93,9.5,99.23
Sumatera Utara,Batu Bara,3.234237937973284,99.47562412048092,-10390.214111532723,73.47,93.81,92.99,92.94,85.73,74.45,72.93,9.5,99.23
Sumatera Utara,Padang Lawas Utara,1.5932560770033484,99.75745203915962,-10254.753116184589,73.47,93.81,92.99,92.94,85.73,74.45,72.93,9.5,99.23
Sumatera Utara,Padang Lawas,1.1404033531003548,99.84412105997292,-10217.195543514212,73.47,93.81,92.99,92.94,85.73,74.45,72.93,9.5,99.23
Sumatera Utara,Labuhan Batu Selatan,1.838873671687856,100.13053630729472,-10266.85122847978,73.47,93.81,92.99,92.94,85.73,74.45,72.93,9.5,99.23
Sumatera Utara,Labuhan Batu Utara,2.4091045540976297,99.754625283727,-10319.39691725193,73.47,93.81,92.99,92.94,85.73,74.45,72.93,9.5,99.23
Sumatera Utara,Nias Utara,1.3127819954952034,97.35547737413172,-10279.847775877439,73.47,93.81,92.99,92.94,85.73,74.45,72.93,9.5,99.23
Sumatera Utara,Nias Barat,1.025366735231171,97.48965275268225,-10254.451882992336,73.47,93.81,92.99,92.94,85.73,74.45,72.93,9.5,99.23
Sumatera Utara,Kota Sibolga,1.7383641877390714,98.78590566364493,-10285.3722403988,73.47,93.81,92.99,92.94,85.73,74.45,72.93,9.5,99.23
Sumatera Utara,Kota Tanjung Balai,2.964415419755293,99.79498810042983,-10362.564306579508,73.47,93.81,92.99,92.94,85.73,74.45,72.93,9.5,99.23
Sumatera Utara,Kota Pematang Siantar,2.962598427932324,99.05897455208054,-10376.913800411552,73.47,93.81,92.99,92.94,85.73,74.45,72.93,9.5,99.23
Sumatera Utara,Kota Tebing Tinggi,3.3283604417706654,99.15570794468296,-10403.965177011498,73.47,93.81,92.99,92.94,85.73,74.45,72.93,9.5,99.23
Sumatera Utara,Kota Medan,3.627728310371873,98.66799797922798,-10437.269008060714,73.47,93.81,92.99,92.94,85.73,74.45,72.93,9.5,99.23
Sumatera Utara,Kota Binjai,3.599491912561549,98.48871144455136,-10438.564074067104,73.47,93.81,92.99,92.94,85.73,74.45,72.93,9.5,99.23
Sumatera Utara,Kota Padangsidimpuan,1.396311747184501,99.28079508956353,-10248.547831507727,73.47,93.81,92.99,92.94,85.73,74.45,72.93,9.5,99.23
Sumatera Utara,Kota Gunungsitoli,1.2650962093762914,97.5830887565814,-10271.590594080073,73.47,93.81,92.99,92.94,85.73,74.45,72.93,9.5,99.23
Sumatera Utara,Danau Toba,2.6047547134003946,98.8114534941772,-10353.458552107728,73.47,93.81,92.99,92.94,85.73,74.45,72.93,9.5,99.23
Sumatera Barat,Kepulauan Mentawai,-1.851426861633218,99.33852345739726,-13215.193712949167,62.29,97.68,95.46,86.85,72.82,86.83,72.63,7.14,98.95
Sumatera Barat,Pesisir Selatan,-1.738282748828916,100.88070250083824,-13193.782885730616,62.29,97.68,95.46,86.85,72.82,86.83,72.63,7.14,98.95
Sumatera Barat,Solok,-0.9624256395106212,100.81872149615062,-13256.42554322131,62.29,97.68,95.46,86.85,72.82,86.83,72.63,7.14,98.95
Sumatera Barat,Sijunjung,-0.6840858094949186,101.08951101573189,-13273.128526055727,62.29,97.68,95.46,86.85,72.82,86.83,72.63,7.14,98.95
Sumatera Barat,Tanah Datar,-0.4605383095545835,100.58604729873066,-13300.740116634272,62.29,97.68,95.46,86.85,72.82,86.83,72.63,7.14,98.95
Sumatera Barat,Padang Pariaman,-0.5623419077902755,100.22770237006068,-13299.737060240162,62.29,97.68,95.46,86.85,72.82,86.83,72.63,7.14,98.95
Sumatera Barat,Agam,-0.2494297465965396,100.16851369839492,-13325.674848108043,62.29,97.68,95.46,86.85,72.82,86.83,72.63,7.14,98.95
Sumatera Barat,Lima Puluh Kota,0.0297824276785084,100.56592288409354,-13339.95353840552,62.29,97.68,95.46,86.85,72.82,86.83,72.63,7.14,98.95
Sumatera Barat,Pasaman,0.3872921033224694,100.08276000441212,-13377.770732262918,62.29,97.68,95.46,86.85,72.82,86.83,72.63,7.14,98.95
Sumatera Barat,Solok Selatan,-1.4063567118251674,101.2525787263994,-13212.737552169481,62.29,97.68,95.46,86.85,72.82,86.83,72.63,7.14,98.95
Sumatera Barat,Dharmasraya,-1.130987455355893,101.5541938465957,-13228.59835641611,62.29,97.68,95.46,86.85,72.82,86.83,72.63,7.14,98.95
Sumatera Barat,Pasaman Barat,0.2069527354243694,99.67811627716716,-13371.46194883677,62.29,97.68,95.46,86.85,72.82,86.83,72.63,7.14,98.95
Sumatera Barat,Kota Padang,-0.8957171035216385,100.43535432369038,-13269.255788157749,62.29,97.68,95.46,86.85,72.82,86.83,72.63,7.14,98.95
Sumatera Barat,Kota Solok,-0.7823512936590555,100.63036480526782,-13274.390516979063,62.29,97.68,95.46,86.85,72.82,86.83,72.63,7.14,98.95
Sumatera Barat,Kota Sawah Lunto,-0.6537714054955911,100.75703095387856,-13282.07551051492,62.29,97.68,95.46,86.85,72.82,86.83,72.63,7.14,98.95
Sumatera Barat,Kota Padang Panjang,-0.4711941006286114,100.40371610312086,-13303.486938014172,62.29,97.68,95.46,86.85,72.82,86.83,72.63,7.14,98.95
Sumatera Barat,Kota Bukittinggi,-0.3000989630927661,100.37204264352982,-13317.655701105614,62.29,97.68,95.46,86.85,72.82,86.83,72.63,7.14,98.95
Sumatera Barat,Kota Payakumbuh,-0.2260714551002925,100.63098061893533,-13318.4173018705,62.29,97.68,95.46,86.85,72.82,86.83,72.63,7.14,98.95
Sumatera Barat,Kota Pariaman,-0.6076520943095929,100.1372124357522,-13297.931894759644,62.29,97.68,95.46,86.85,72.82,86.83,72.63,7.14,98.95
Sumatera Barat,Danau,-0.6117948654134421,100.54072518896388,-13289.65808286113,62.29,97.68,95.46,86.85,72.82,86.83,72.63,7.14,98.95
Riau,Kuantan Singingi,-0.4788216508983854,101.50347823681554,-11207.571822068432,74.8,96.31,94.63,92.24,86.32,75.19,78.46,7.98,96.6
Riau,Indragiri Hulu,-0.5331907022290001,102.32757382107948,-11187.039774529949,74.8,96.31,94.63,92.24,86.32,75.19,78.46,7.98,96.6
Riau,Indragiri Hilir,-0.2333074020585781,103.15731455476802,-11194.441600159143,74.8,96.31,94.63,92.24,86.32,75.19,78.46,7.98,96.6
Riau,Pelalawan,0.2194241251108827,102.26762391310828,-11247.802418543693,74.8,96.31,94.63,92.24,86.32,75.19,78.46,7.98,96.6
Riau,Siak,0.826470805914191,101.8248951341538,-11304.578450859099,74.8,96.31,94.63,92.24,86.32,75.19,78.46,7.98,96.6
Riau,Kampar,0.3271751397974591,101.07087982360066,-11279.898620004064,74.8,96.31,94.63,92.24,86.32,75.19,78.46,7.98,96.6
Riau,Rokan Hulu,0.9400854045461754,100.47480623817368,-11340.158469706268,74.8,96.31,94.63,92.24,86.32,75.19,78.46,7.98,96.6
Riau,Bengkalis,1.4060964580583748,101.66334536328304,-11353.646761727185,74.8,96.31,94.63,92.24,86.32,75.19,78.46,7.98,96.6
Riau,Rokan Hilir,1.773661858430487,100.74504622695883,-11400.82859701632,74.8,96.31,94.63,92.24,86.32,75.19,78.46,7.98,96.6
Riau,Kepulauan Meranti,1.0028048016130533,102.65034645204184,-11302.28373551102,74.8,96.31,94.63,92.24,86.32,75.19,78.46,7.98,96.6
Riau,Kota Pekanbaru,0.5498894668021579,101.46443621730756,-11289.78042276959,74.8,96.31,94.63,92.24,86.32,75.19,78.46,7.98,96.6
Riau,Kota Dumai,1.7976652614653554,101.31165373683956,-11391.571419613501,74.8,96.31,94.63,92.24,86.32,75.19,78.46,7.98,96.6
Jambi,Kerinci,-2.036907055458544,101.46942445083168,-21929.033998807055,66.21,95.58,96.34,82.16,83.97,73.96,89.27,2.84,98.9
Jambi,Merangin,-2.196201011862801,102.06441916216404,-21904.70675901436,66.21,95.58,96.34,82.16,83.97,73.96,89.27,2.84,98.9
Jambi,Sarolangun,-2.3091125320544656,102.66456674464236,-21883.950000992474,66.21,95.58,96.34,82.16,83.97,73.96,89.27,2.84,98.9
Jambi,Batang Hari,-1.7497334364769526,103.09606325740948,-21919.737381707495,66.21,95.58,96.34,82.16,83.97,73.96,89.27,2.84,98.9
Jambi,Muaro Jambi,-1.6091814947854877,103.74517882177295,-21918.082260863674,66.21,95.58,96.34,82.16,83.97,73.96,89.27,2.84,98.9
Jambi,Tanjung Jabung Timur,-1.219820823289337,103.9673530852528,-21944.531727563528,66.21,95.58,96.34,82.16,83.97,73.96,89.27,2.84,98.9
Jambi,Tanjung Jabung Barat,-1.071069936790348,103.11331056286176,-21973.12539114353,66.21,95.58,96.34,82.16,83.97,73.96,89.27,2.84,98.9
Jambi,Tebo,-1.3102003391424772,102.361275390216,-21969.003027210372,66.21,95.58,96.34,82.16,83.97,73.96,89.27,2.84,98.9
Jambi,Bungo,-1.5988860025702396,101.93100144530491,-21954.621512954716,66.21,95.58,96.34,82.16,83.97,73.96,89.27,2.84,98.9
Jambi,Kota Jambi,-1.6170023547450236,103.60022420576566,-21920.317507308413,66.21,95.58,96.34,82.16,83.97,73.96,89.27,2.84,98.9
Jambi,Kota Sungai Penuh,-2.11335094177672,101.34111250427009,-21925.508855772874,66.21,95.58,96.34,82.16,83.97,73.96,89.27,2.84,98.9
Sumatera Selatan,Ogan Komering Ulu,-4.100670219203191,104.09382962801968,-20569.844424390878,63.21,90.45,91.31,87.23,82.36,77.02,85.9,3.2,97.02
Sumatera Selatan,Ogan Komering Ilir,-3.343172988543884,105.39068105366404,-20604.275902403497,63.21,90.45,91.31,87.23,82.36,77.02,85.9,3.2,97.02
Sumatera Selatan,Muara Enim,-3.635834759553093,104.0015652181584,-20608.46081484308,63.21,90.45,91.31,87.23,82.36,77.02,85.9,3.2,97.02
Sumatera Selatan,Lahat,-3.8305582473786814,103.38532484050413,-20605.17997863479,63.21,90.45,91.31,87.23,82.36,77.02,85.9,3.2,97.02
Sumatera Selatan,Musi Rawas,-3.1667314171494367,103.14522095195292,-20662.4610919622,63.21,90.45,91.31,87.23,82.36,77.02,85.9,3.2,97.02
Sumatera Selatan,Musi Banyuasin,-2.4440840875705456,103.82967196424592,-20706.192803468388,63.21,90.45,91.31,87.23,82.36,77.02,85.9,3.2,97.02
Sumatera Selatan,Banyu Asin,-2.4878697688973253,104.66809303404575,-20686.216514981552,63.21,90.45,91.31,87.23,82.36,77.02,85.9,3.2,97.02
Sumatera Selatan,Ogan Komering Ulu Selatan,-4.590247323360914,103.91524090247172,-20534.602868193168,63.21,90.45,91.31,87.23,82.36,77.02,85.9,3.2,97.02
Sumatera Selatan,Ogan Komering Ulu Timur,-4.068872522995667,104.56792257283747,-20563.026063182366,63.21,90.45,91.31,87.23,82.36,77.02,85.9,3.2,97.02
Sumatera Selatan,Ogan Ilir,-3.409977800939368,104.60090288488531,-20614.539231917854,63.21,90.45,91.31,87.23,82.36,77.02,85.9,3.2,97.02
Sumatera Selatan,Empat Lawang,-3.751943624991812,102.9535968887634,-20619.905095416783,63.21,90.45,91.31,87.23,82.36,77.02,85.9,3.2,97.02
Sumatera Selatan,Penukal Abab Lematang Ilir,-3.209884359104186,103.9882793339702,-20642.443579002203,63.21,90.45,91.31,87.23,82.36,77.02,85.9,3.2,97.02
Sumatera Selatan,Musi Rawas Utara,-2.7443987140701607,102.7358396453718,-20703.957236668044,63.21,90.45,91.31,87.23,82.36,77.02,85.9,3.2,97.02
Sumatera Selatan,Kota Palembang,-2.9733535838672696,104.73281674653592,-20646.50778214994,63.21,90.45,91.31,87.23,82.36,77.02,85.9,3.2,97.02
Sumatera Selatan,Kota Prabumulih,-3.4528347437959006,104.22938772442416,-20618.46213927591,63.21,90.45,91.31,87.23,82.36,77.02,85.9,3.2,97.02
Sumatera Selatan,Kota Pagar Alam,-4.109111577157726,103.26267366395189,-20585.54300165039,63.21,90.45,91.31,87.23,82.36,77.02,85.9,3.2,97.02
Sumatera Selatan,Kota Lubuklinggau,-3.2635241614077395,102.87935836626258,-20660.033596785408,63.21,90.45,91.31,87.23,82.36,77.02,85.9,3.2,97.02
Sumatera Selatan,Danau,-4.860159501902476,103.9353745045638,-20512.83831235535,63.21,90.45,91.31,87.23,82.36,77.02,85.9,3.2,97.02
Bengkulu,Bengkulu Selatan,-4.348663189211438,103.02372955029396,-17685.398934115117,56.52,95.61,95.66,72.1,83.01,81.71,89.76,3.49,99.75
Bengkulu,Rejang Lebong,-3.430790127447459,102.69889390291108,-17764.46059243818,56.52,95.61,95.66,72.1,83.01,81.71,89.76,3.49,99.75
Bengkulu,Bengkulu Utara,-3.426921227729385,102.0157827526161,-17778.218483468627,56.52,95.61,95.66,72.1,83.01,81.71,89.76,3.49,99.75
Bengkulu,Seluma,-4.052313057716453,102.65781985555776,-17716.065409184142,56.52,95.61,95.66,72.1,83.01,81.71,89.76,3.49,99.75
Bengkulu,Mukomuko,-2.701394437209309,101.48559604460618,-17846.096403545696,56.52,95.61,95.66,72.1,83.01,81.71,89.76,3.49,99.75
Bengkulu,Lebong,-3.0899267093457428,102.24947681391514,-17800.295443727948,56.52,95.61,95.66,72.1,83.01,81.71,89.76,3.49,99.75
Bengkulu,Kepahiang,-3.628231823189902,102.64168875470617,-17749.95622448362,56.52,95.61,95.66,72.1,83.01,81.71,89.76,3.49,99.75
Bengkulu,Bengkulu Tengah,-3.687547673332724,102.41166971406504,-17749.78983677771,56.52,95.61,95.66,72.1,83.01,81.71,89.76,3.49,99.75
Bengkulu,Kota Bengkulu,-3.827698622712308,102.31269055949606,-17740.643595730045,56.52,95.61,95.66,72.1,83.01,81.71,89.76,3.49,99.75
Lampung,Lampung Barat,-5.031742815336386,104.1902893422486,-24311.362499140745,65.96,89.45,98.51,84.51,85.44,80.97,93.05,1.98,99.21
Lampung,Tanggamus,-5.435863533876858,104.67521016413504,-24269.820639958194,65.96,89.45,98.51,84.51,85.44,80.97,93.05,1.98,99.21
Lampung,Lampung Selatan,-5.532772784321386,105.50050153572772,-24245.8972726623,65.96,89.45,98.51,84.51,85.44,80.97,93.05,1.98,99.21
Lampung,Lampung Timur,-5.136651544367107,105.64903679922708,-24274.33202736195,65.96,89.45,98.51,84.51,85.44,80.97,93.05,1.98,99.21
Lampung,Lampung Tengah,-4.861295996142597,105.26464895154368,-24303.700293606253,65.96,89.45,98.51,84.51,85.44,80.97,93.05,1.98,99.21
Lampung,Lampung Utara,-4.809238400777272,104.80589388959837,-24316.85518381058,65.96,89.45,98.51,84.51,85.44,80.97,93.05,1.98,99.21
Lampung,Way Kanan,-4.516452442654987,104.61449008455077,-24343.80318137281,65.96,89.45,98.51,84.51,85.44,80.97,93.05,1.98,99.21
Lampung,Tulangbawang,-4.372762118777207,105.53193814337916,-24337.112600124758,65.96,89.45,98.51,84.51,85.44,80.97,93.05,1.98,99.21
Lampung,Pesawaran,-5.473490391664825,105.11021856268846,-24258.275797068338,65.96,89.45,98.51,84.51,85.44,80.97,93.05,1.98,99.21
Lampung,Pringsewu,-5.330844690947773,104.9200156480894,-24273.31401888423,65.96,89.45,98.51,84.51,85.44,80.97,93.05,1.98,99.21
Lampung,Mesuji,-4.023735185270912,105.37787514073209,-24367.77771448119,65.96,89.45,98.51,84.51,85.44,80.97,93.05,1.98,99.21
Lampung,Tulang Bawang Barat,-4.424818622660224,105.09205814161643,-24341.653425611676,65.96,89.45,98.51,84.51,85.44,80.97,93.05,1.98,99.21
Lampung,Pesisir Barat,-5.382741983641269,104.20537179345924,-24283.27800900594,65.96,89.45,98.51,84.51,85.44,80.97,93.05,1.98,99.21
Lampung,Kota Bandar Lampung,-5.415381895517418,105.2669385988425,-24259.78998253277,65.96,89.45,98.51,84.51,85.44,80.97,93.05,1.98,99.21
Lampung,Kota Metro,-5.121824223284681,105.30644367746756,-24282.25209164909,65.96,89.45,98.51,84.51,85.44,80.97,93.05,1.98,99.21
Lampung,Danau,-4.919405157341443,103.90269316395177,-24325.919165756743,65.96,89.45,98.51,84.51,85.44,80.97,93.05,1.98,99.21
Kepulauan Bangka Belitung,Bangka,-1.9058874632590403,105.92123214732396,-16904.519165847494,,,,,,,,,
Kepulauan Bangka Belitung,Belitung,-2.869945793123589,107.71103164508766,-16792.95357478544,,,,,,,,,
Kepulauan Bangka Belitung,Bangka Barat,-1.8908612719881248,105.4894532118837,-16914.211192081253,,,,,,,,,
Kepulauan Bangka Belitung,Bangka Tengah,-2.430082747186666,106.24331548128409,-16856.677926814198,,,,,,,,,
Kepulauan Bangka Belitung,Bangka Selatan,-2.7709329136881147,106.3422715564158,-16827.745288865728,,,,,,,,,
Kepulauan Bangka Belitung,Belitung Timur,-2.9071138854292737,108.05237566338394,-16783.289459404503,,,,,,,,,
Kepulauan Bangka Belitung,Kota Pangkal Pinang,-2.1106627011939825,106.11347204257817,-16884.52223397357,,,,,,,,,
Kepulauan Riau,Karimun,0.8248069234958793,103.5309181577354,-17167.768868904357,,,,,,,,,
Kepulauan Riau,Bintan,1.0118816098152748,104.70326477772744,-17159.493510564123,,,,,,,,,
Kepulauan Riau,Natuna,3.78591633308192,108.26479827469396,-17308.97248653578,,,,,,,,,
Kepulauan Riau,Lingga,-0.2245554634606522,104.5270897404966,-17065.077888750595,,,,,,,,,
Kepulauan Riau,Kepulauan Anambas,3.0877655679007088,106.06522991654066,-17297.015288168543,,,,,,,,,
Kepulauan Riau,Kota Batam,0.9629040349339316,104.06368257786352,-17168.21055580635,,,,,,,,,
Kepulauan Riau,Kota Tanjung Pinang,0.9202850708474918,104.48531304393364,-17156.53393758051,,,,,,,,,
DKI Jakarta,Kepulauan Seribu,-5.700152782565886,106.57935869589804,21269.050485362754,39.0,45.26,78.47,99.96,94.01,78.82,54.44,21.3,99.97
DKI Jakarta,Kota Jakarta Selatan,-6.272679096723272,106.81001087226264,21318.91750623369,39.0,45.26,78.47,99.96,94.01,78.82,54.44,21.3,99.97
DKI Jakarta,Kota Jakarta Timur,-6.25537335975149,106.9002684266986,21319.324788294976,39.0,45.26,78.47,99.96,94.01,78.82,54.44,21.3,99.97
DKI Jakarta,Kota Jakarta Pusat,-6.181230062200074,106.83507605430538,21312.171351492518,39.0,45.26,78.47,99.96,94.01,78.82,54.44,21.3,99.97
DKI Jakarta,Kota Jakarta Barat,-6.165609007923703,106.74840251328789,21309.227934979102,39.0,45.26,78.47,99.96,94.01,78.82,54.44,21.3,99.97
DKI Jakarta,Kota Jakarta Utara,-6.129207395649956,106.86908008223146,21308.722478158506,39.0,45.26,78.47,99.96,94.01,78.82,54.44,21.3,99.97
Jawa Barat,Bogor,-6.55997941978981,106.7675307897768,-15034.104570197083,56.25,78.81,94.26,94.9,75.1,82.37,83.44,5.91,99.9
Jawa Barat,Sukabumi,-7.07618754942622,106.70730771617455,-14994.423902233208,56.25,78.81,94.26,94.9,75.1,82.37,83.44,5.91,99.9
Jawa Barat,Cianjur,-7.133715972114234,107.1577635250869,-14980.999330163788,56.25,78.81,94.26,94.9,75.1,82.37,83.44,5.91,99.9
Jawa Barat,Bandung,-7.099968673022156,107.61084115489376,-14974.749139580348,56.25,78.81,94.26,94.9,75.1,82.37,83.44,5.91,99.9
Jawa Barat,Garut,-7.359556647876624,107.78886398924902,-14950.69281482985,56.25,78.81,94.26,94.9,75.1,82.37,83.44,5.91,99.9
Jawa Barat,Tasikmalaya,-7.496705698995024,108.14129651563697,-14932.895172607092,56.25,78.81,94.26,94.9,75.1,82.37,83.44,5.91,99.9
Jawa Barat,Kuningan,-7.00423329263941,108.56030045555096,-14963.631762524654,56.25,78.81,94.26,94.9,75.1,82.37,83.44,5.91,99.9
Jawa Barat,Cirebon,-6.74563926084672,108.55156504690378,-14984.275847048644,56.25,78.81,94.26,94.9,75.1,82.37,83.44,5.91,99.9
Jawa Barat,Majalengka,-6.8158653596666285,108.2578116332808,-14984.500766078017,56.25,78.81,94.26,94.9,75.1,82.37,83.44,5.91,99.9
Jawa Barat,Sumedang,-6.825065705775693,107.98085008608668,-14989.226240514867,56.25,78.81,94.26,94.9,75.1,82.37,83.44,5.91,99.9
Jawa Barat,Indramayu,-6.448788182507655,108.16859149083888,-15015.317996496358,56.25,78.81,94.26,94.9,75.1,82.37,83.44,5.91,99.9
Jawa Barat,Subang,-6.483036604163266,107.73224588344132,-15021.199033253988,56.25,78.81,94.26,94.9,75.1,82.37,83.44,5.91,99.9
Jawa Barat,Purwakarta,-6.595016266157368,107.43220953453071,-15018.242176571875,56.25,78.81,94.26,94.9,75.1,82.37,83.44,5.91,99.9
Jawa Barat,Karawang,-6.252023717395748,107.3542287175649,-15046.931382173081,56.25,78.81,94.26,94.9,75.1,82.37,83.44,5.91,99.9
Jawa Barat,Bekasi,-6.215388528000242,107.12065980466356,-15054.431037011816,56.25,78.81,94.26,94.9,75.1,82.37,83.44,5.91,99.9
Jawa Barat,Bandung Barat,-6.897055954169557,107.4149529293919,-14994.670463455266,56.25,78.81,94.26,94.9,75.1,82.37,83.44,5.91,99.9
Jawa Barat,Pangandaran,-7.635621943855612,108.51884965656672,-14914.462960290182,56.25,78.81,94.26,94.9,75.1,82.37,83.44,5.91,99.9
Jawa Barat,Kota Bogor,-6.593453042798799,106.79956414833416,-15030.823779108046,56.25,78.81,94.26,94.9,75.1,82.37,83.44,5.91,99.9
Jawa Barat,Kota Sukabumi,-6.93987186159354,106.92433205514534,-15000.94201042039,56.25,78.81,94.26,94.9,75.1,82.37,83.44,5.91,99.9
Jawa Barat,Kota Bandung,-6.919135135270234,107.6366017133277,-14988.557888948693,56.25,78.81,94.26,94.9,75.1,82.37,83.44,5.91,99.9
Jawa Barat,Kota Cirebon,-6.74199069176132,108.55332894645562,-14984.529958560352,56.25,78.81,94.26,94.9,75.1,82.37,83.44,5.91,99.9
Jawa Barat,Kota Bekasi,-6.280230672396908,106.97568221083898,-15052.152541608913,56.25,78.81,94.26,94.9,75.1,82.37,83.44,5.91,99.9
Jawa Barat,Kota Depok,-6.396102174995955,106.81680806207645,-15046.107860129263,56.25,78.81,94.26,94.9,75.1,82.37,83.44,5.91,99.9
Jawa Barat,Kota Cimahi,-6.886495205865237,107.54358228548745,-14992.973596991127,56.25,78.81,94.26,94.9,75.1,82.37,83.44,5.91,99.9
Jawa Barat,Kota Tasikmalaya,-7.360250810183055,108.2193545848017,-14942.160779463517,56.25,78.81,94.26,94.9,75.1,82.37,83.44,5.91,99.9
Jawa Barat,Kota Banjar,-7.376302096784516,108.5665017726714,-14934.054140518398,56.25,78.81,94.26,94.9,75.1,82.37,83.44,5.91,99.9
Jawa Barat,Waduk Cirata,-6.737689508119021,107.29899968585192,-15009.570313307324,56.25,78.81,94.26,94.9,75.1,82.37,83.44,5.91,99.9
Jawa Tengah,Cilacap,-7.490962972926563,108.89041296658068,-26727.152492614157,71.76,86.18,98.35,95.43,86.72,86.49,90.9,1.15,99.94
Jawa Tengah,Banyumas,-7.45514503147709,109.17558000856032,-26724.372668883538,71.76,86.18,98.35,95.43,86.72,86.49,90.9,1.15,99.94
Jawa Tengah,Purbalingga,-7.322916241641145,109.40731841207436,-26730.277485741237,71.76,86.18,98.35,95.43,86.72,86.49,90.9,1.15,99.94
Jawa Tengah,Banjarnegara,-7.351881908056216,109.65741934453622,-26723.059459572753,71.76,86.18,98.35,95.43,86.72,86.49,90.9,1.15,99.94
Jawa Tengah,Kebumen,-7.655168808882135,109.61736034128552,-26699.83802597592,71.76,86.18,98.35,95.43,86.72,86.49,90.9,1.15,99.94
Jawa Tengah,Purworejo,-7.699577291040891,109.96603744068976,-26689.4563112367,71.76,86.18,98.35,95.43,86.72,86.49,90.9,1.15,99.94
Jawa Tengah,Wonosobo,-7.415535200090703,109.90722306999888,-26713.10117655463,71.76,86.18,98.35,95.43,86.72,86.49,90.9,1.15,99.94
Jawa Tengah,Magelang,-7.501579691939518,110.24673321887194,-26699.603783530383,71.76,86.18,98.35,95.43,86.72,86.49,90.9,1.15,99.94
Jawa Tengah,Boyolali,-7.418562123472956,110.65065631607403,-26698.22209903858,71.76,86.18,98.35,95.43,86.72,86.49,90.9,1.15,99.94
Jawa Tengah,Klaten,-7.686395121198295,110.61989755589164,-26677.6243011934,71.76,86.18,98.35,95.43,86.72,86.49,90.9,1.15,99.94
Jawa Tengah,Sukoharjo,-7.680857384229969,110.83462858664124,-26673.834292683754,71.76,86.18,98.35,95.43,86.72,86.49,90.9,1.15,99.94
Jawa Tengah,Wonogiri,-7.920201595152831,111.00040370114164,-26651.621780660993,71.76,86.18,98.35,95.43,86.72,86.49,90.9,1.15,99.94
Jawa Tengah,Karanganyar,-7.614457703677596,111.01926543165686,-26675.45513621602,71.76,86.18,98.35,95.43,86.72,86.49,90.9,1.15,99.94
Jawa Tengah,Sragen,-7.387131166804866,110.97743516481192,-26694.275565471202,71.76,86.18,98.35,95.43,86.72,86.49,90.9,1.15,99.94
Jawa Tengah,Grobogan,-7.116879665010258,110.92710077486868,-26716.66168854305,71.76,86.18,98.35,95.43,86.72,86.49,90.9,1.15,99.94
Jawa Tengah,Blora,-7.075962401610758,111.38763651697356,-26710.83225858283,71.76,86.18,98.35,95.43,86.72,86.49,90.9,1.15,99.94
Jawa Tengah,Rembang,-6.775462804225791,111.46127490119795,-26733.171795958304,71.76,86.18,98.35,95.43,86.72,86.49,90.9,1.15,99.94
Jawa Tengah,Pati,-6.743927220388302,111.0415158894135,-26743.93412603763,71.76,86.18,98.35,95.43,86.72,86.49,90.9,1.15,99.94
Jawa Tengah,Kudus,-6.789067975370961,110.86972203407196,-26743.743384273534,71.76,86.18,98.35,95.43,86.72,86.49,90.9,1.15,99.94
Jawa Tengah,Jepara,-6.548526503338319,110.76785783741848,-26764.792166663494,71.76,86.18,98.35,95.43,86.72,86.49,90.9,1.15,99.94
Jawa Tengah,Demak,-6.910835809829076,110.6318500799114,-26738.787507973288,71.76,86.18,98.35,95.43,86.72,86.49,90.9,1.15,99.94
Jawa Tengah,Semarang,-7.272031283650321,110.47526529185173,-26713.276224074853,71.76,86.18,98.35,95.43,86.72,86.49,90.9,1.15,99.94
Jawa Tengah,Temanggung,-7.2578589725762095,110.13563225523384,-26721.08614426268,71.76,86.18,98.35,95.43,86.72,86.49,90.9,1.15,99.94
Jawa Tengah,Kendal,-7.037666108341629,110.15611950560432,-26738.114686997847,71.76,86.18,98.35,95.43,86.72,86.49,90.9,1.15,99.94
Jawa Tengah,Batang,-7.0212670438715215,109.86149355725536,-26745.214627254703,71.76,86.18,98.35,95.43,86.72,86.49,90.9,1.15,99.94
Jawa Tengah,Pekalongan,-7.056829215030643,109.6204168941512,-26747.146486113415,71.76,86.18,98.35,95.43,86.72,86.49,90.9,1.15,99.94
Jawa Tengah,Pemalang,-7.036440934968002,109.3950228244954,-26753.198948293102,71.76,86.18,98.35,95.43,86.72,86.49,90.9,1.15,99.94
Jawa Tengah,Tegal,-7.031101954823329,109.15840497401196,-26758.28102014788,71.76,86.18,98.35,95.43,86.72,86.49,90.9,1.15,99.94
Jawa Tengah,Brebes,-7.058903017451165,108.92792084506812,-26760.61871662851,71.76,86.18,98.35,95.43,86.72,86.49,90.9,1.15,99.94
Jawa Tengah,Kota Magelang,-7.477141910537477,110.22013206136418,-26702.062266549357,71.76,86.18,98.35,95.43,86.72,86.49,90.9,1.15,99.94
Jawa Tengah,Kota Surakarta,-7.558081647131424,110.82338935232846,-26683.775377909893,71.76,86.18,98.35,95.43,86.72,86.49,90.9,1.15,99.94
Jawa Tengah,Kota Salatiga,-7.33827127884699,110.49842771998922,-26707.57610665151,71.76,86.18,98.35,95.43,86.72,86.49,90.9,1.15,99.94
Jawa Tengah,Kota Semarang,-7.020507440989723,110.38964817234184,-26734.87451377425,71.76,86.18,98.35,95.43,86.72,86.49,90.9,1.15,99.94
Jawa Tengah,Kota Pekalongan,-6.893131821863905,109.67782058785632,-26758.975514916252,71.76,86.18,98.35,95.43,86.72,86.49,90.9,1.15,99.94
Jawa Tengah,Kota Tegal,-6.8689354573083365,109.11565760376344,-26771.960994960056,71.76,86.18,98.35,95.43,86.72,86.49,90.9,1.15,99.94
Jawa Tengah,Wadung Kedungombo,-7.282944181324387,110.81464556911006,-26705.729318567945,71.76,86.18,98.35,95.43,86.72,86.49,90.9,1.15,99.94
Jawa Tengah,Hutan,-7.167433261122551,110.357084931398,-26723.884087125734,71.76,86.18,98.35,95.43,86.72,86.49,90.9,1.15,99.94
Daerah Istimewa Yogyakarta,Kulon Progo,-7.818871123551966,110.16740723580467,-16352.792696625087,,,,,,,,,
Daerah Istimewa Yogyakarta,Bantul,-7.901669178765105,110.35469212971462,-16342.549883887994,,,,,,,,,
Daerah Istimewa Yogyakarta,Gunung Kidul,-7.994236619045601,110.61206092207424,-16330.153590581343,,,,,,,,,
Daerah Istimewa Yogyakarta,Sleman,-7.7154348316663315,110.38349097097276,-16356.726369333825,,,,,,,,,
Daerah Istimewa Yogyakarta,Kota Yogyakarta,-7.803291505954964,110.37435371664128,-16349.950962793926,,,,,,,,,
Jawa Timur,Pacitan,-8.126217614235411,111.17903272920844,-22957.085802494945,73.4,88.17,97.45,96.93,85.56,84.32,90.93,2.61,99.71
Jawa Timur,Ponorogo,-7.931320121469852,111.49936570532776,-22966.20732639315,73.4,88.17,97.45,96.93,85.56,84.32,90.93,2.61,99.71
Jawa Timur,Trenggalek,-8.161920885563308,111.626270634853,-22945.45242437248,73.4,88.17,97.45,96.93,85.56,84.32,90.93,2.61,99.71
Jawa Timur,Tulungagung,-8.113254812027218,111.88720203331584,-22944.16698693434,73.4,88.17,97.45,96.93,85.56,84.32,90.93,2.61,99.71
Jawa Timur,Blitar,-8.130109025955555,112.23812949353372,-22935.92234288512,73.4,88.17,97.45,96.93,85.56,84.32,90.93,2.61,99.71
Jawa Timur,Kediri,-7.8288714309496354,112.08963614951986,-22962.694450909217,73.4,88.17,97.45,96.93,85.56,84.32,90.93,2.61,99.71
Jawa Timur,Malang,-8.126856949210472,112.64107524720734,-22928.24512281799,73.4,88.17,97.45,96.93,85.56,84.32,90.93,2.61,99.71
Jawa Timur,Lumajang,-8.125301011033299,113.1375746506189,-22918.59139680684,73.4,88.17,97.45,96.93,85.56,84.32,90.93,2.61,99.71
Jawa Timur,Jember,-8.23597854587365,113.65569522626976,-22899.626745452002,73.4,88.17,97.45,96.93,85.56,84.32,90.93,2.61,99.71
Jawa Timur,Banyuwangi,-8.364926627973478,114.205523988406,-22878.591285500883,73.4,88.17,97.45,96.93,85.56,84.32,90.93,2.61,99.71
Jawa Timur,Bondowoso,-7.944023536737516,113.94755044463643,-22916.992779968128,73.4,88.17,97.45,96.93,85.56,84.32,90.93,2.61,99.71
Jawa Timur,Situbondo,-7.8013125242293615,114.05138036143671,-22926.246173466192,73.4,88.17,97.45,96.93,85.56,84.32,90.93,2.61,99.71
Jawa Timur,Probolinggo,-7.866519918228999,113.32086685061878,-22935.46894516941,73.4,88.17,97.45,96.93,85.56,84.32,90.93,2.61,99.71
Jawa Timur,Pasuruan,-7.742918212946321,112.83173971315628,-22954.885832774715,73.4,88.17,97.45,96.93,85.56,84.32,90.93,2.61,99.71
Jawa Timur,Sidoarjo,-7.4520545825833695,112.70135722585869,-22980.480033808042,73.4,88.17,97.45,96.93,85.56,84.32,90.93,2.61,99.71
Jawa Timur,Mojokerto,-7.54986741850465,112.4852490238952,-22976.99203407263,73.4,88.17,97.45,96.93,85.56,84.32,90.93,2.61,99.71
Jawa Timur,Jombang,-7.545102315024298,112.26512941136484,-22981.70379599753,73.4,88.17,97.45,96.93,85.56,84.32,90.93,2.61,99.71
Jawa Timur,Nganjuk,-7.597422658443768,111.93843847465556,-22983.99485190452,73.4,88.17,97.45,96.93,85.56,84.32,90.93,2.61,99.71
Jawa Timur,Madiun,-7.624222283603833,111.64571615360022,-22987.637403243076,73.4,88.17,97.45,96.93,85.56,84.32,90.93,2.61,99.71
Jawa Timur,Magetan,-7.662881128280901,111.35790237163866,-22990.24444041398,73.4,88.17,97.45,96.93,85.56,84.32,90.93,2.61,99.71
Jawa Timur,Ngawi,-7.439238508650867,111.34309012110774,-23008.24119563356,73.4,88.17,97.45,96.93,85.56,84.32,90.93,2.61,99.71
Jawa Timur,Bojonegoro,-7.255432770245719,111.80983737847164,-23013.601478115394,73.4,88.17,97.45,96.93,85.56,84.32,90.93,2.61,99.71
Jawa Timur,Tuban,-6.953135827901162,111.89151235045122,-23035.92505172218,73.4,88.17,97.45,96.93,85.56,84.32,90.93,2.61,99.71
Jawa Timur,Lamongan,-7.131112465577127,112.30078098817832,-23013.776020692258,73.4,88.17,97.45,96.93,85.56,84.32,90.93,2.61,99.71
Jawa Timur,Gresik,-6.926869202614068,112.55814823396013,-23024.877320263324,73.4,88.17,97.45,96.93,85.56,84.32,90.93,2.61,99.71
Jawa Timur,Bangkalan,-7.044238270956218,112.92961853093335,-23008.27071098626,73.4,88.17,97.45,96.93,85.56,84.32,90.93,2.61,99.71
Jawa Timur,Sampang,-7.051983810509522,113.25626662790758,-23001.225273132008,73.4,88.17,97.45,96.93,85.56,84.32,90.93,2.61,99.71
Jawa Timur,Pamekasan,-7.065107508169855,113.50391466611607,-22995.30970700297,73.4,88.17,97.45,96.93,85.56,84.32,90.93,2.61,99.71
Jawa Timur,Sumenep,-6.966833774395336,114.40501110021468,-22985.34562917044,73.4,88.17,97.45,96.93,85.56,84.32,90.93,2.61,99.71
Jawa Timur,Kota Kediri,-7.82630476705957,112.01383739813058,-22964.39024990194,73.4,88.17,97.45,96.93,85.56,84.32,90.93,2.61,99.71
Jawa Timur,Kota Blitar,-8.095024174788081,112.1669967463244,-22940.10062223894,73.4,88.17,97.45,96.93,85.56,84.32,90.93,2.61,99.71
Jawa Timur,Kota Malang,-7.978964473041325,112.63637975865775,-22940.04576333856,73.4,88.17,97.45,96.93,85.56,84.32,90.93,2.61,99.71
Jawa Timur,Kota Probolinggo,-7.774315119627388,113.20543201306673,-22945.041612027544,73.4,88.17,97.45,96.93,85.56,84.32,90.93,2.61,99.71
Jawa Timur,Kota Pasuruan,-7.649688955638756,112.91006798709492,-22960.724082634853,73.4,88.17,97.45,96.93,85.56,84.32,90.93,2.61,99.71
Jawa Timur,Kota Mojokerto,-7.471312683661175,112.43743635438446,-22984.15247492605,73.4,88.17,97.45,96.93,85.56,84.32,90.93,2.61,99.71
Jawa Timur,Kota Madiun,-7.627983262599412,111.52817621422015,-22989.654216700925,73.4,88.17,97.45,96.93,85.56,84.32,90.93,2.61,99.71
Jawa Timur,Kota Surabaya,-7.275073393954656,112.72380662893435,-22994.049007103018,73.4,88.17,97.45,96.93,85.56,84.32,90.93,2.61,99.71
Jawa Timur,Kota Batu,-7.833108849706685,112.53111989983498,-22953.66543353587,73.4,88.17,97.45,96.93,85.56,84.32,90.93,2.61,99.71
Banten,Pandeglang,-6.590230627261489,105.7429822852084,-15995.66445874293,64.94,77.06,96.04,94.01,87.93,83.0,86.49,6.17,99.79
Banten,Lebak,-6.642128938347915,106.21285365156396,-15982.303279920507,64.94,77.06,96.04,94.01,87.93,83.0,86.49,6.17,99.79
Banten,Tangerang,-6.174630989028612,106.5185128662444,-16013.294668698694,64.94,77.06,96.04,94.01,87.93,83.0,86.49,6.17,99.79
Banten,Serang,-6.142218782556982,106.14665476825932,-16023.183149004059,64.94,77.06,96.04,94.01,87.93,83.0,86.49,6.17,99.79
Banten,Kota Tangerang,-6.182869499826618,106.6518227032072,-16010.017357982724,64.94,77.06,96.04,94.01,87.93,83.0,86.49,6.17,99.79
Banten,Kota Cilegon,-5.998046785450348,106.01927592674215,-16037.105091660622,64.94,77.06,96.04,94.01,87.93,83.0,86.49,6.17,99.79
Banten,Kota Serang,-6.123386067592276,106.16629867579528,-16024.287253908538,64.94,77.06,96.04,94.01,87.93,83.0,86.49,6.17,99.79
Banten,Kota Tangerang Selatan,-6.301847863996328,106.7073409716394,-15999.504970400252,64.94,77.06,96.04,94.01,87.93,83.0,86.49,6.17,99.79
Bali,Jembrana,-8.31252270443837,114.6826647939009,-4308.151333732028,85.99,93.53,95.35,98.32,96.83,92.08,83.52,11.01,99.9
Bali,Tabanan,-8.428221709828733,115.07877738641022,-4291.191689978668,85.99,93.53,95.35,98.32,96.83,92.08,83.52,11.01,99.9
Bali,Badung,-8.58346725870223,115.18840533719332,-4276.742634098882,85.99,93.53,95.35,98.32,96.83,92.08,83.52,11.01,99.9
Bali,Gianyar,-8.480494358632214,115.2875567655051,-4282.942214486509,85.99,93.53,95.35,98.32,96.83,92.08,83.52,11.01,99.9
Bali,Klungkung,-8.666548920391307,115.49350271738868,-4264.15744398937,85.99,93.53,95.35,98.32,96.83,92.08,83.52,11.01,99.9
Bali,Bangli,-8.293590552404062,115.34684316768488,-4296.571347759476,85.99,93.53,95.35,98.32,96.83,92.08,83.52,11.01,99.9
Bali,Karang Asem,-8.374200993455263,115.53007063688295,-4286.58161898763,85.99,93.53,95.35,98.32,96.83,92.08,83.52,11.01,99.9
Bali,Buleleng,-8.200235942141632,114.96257794235508,-4311.52876208735,85.99,93.53,95.35,98.32,96.83,92.08,83.52,11.01,99.9
Bali,Kota Denpasar,-8.668357813764176,115.22086623005592,-4269.382908635345,85.99,93.53,95.35,98.32,96.83,92.08,83.52,11.01,99.9
Nusa Tenggara Barat,Lombok Barat,-8.664408697512396,116.09423484625384,-23827.230997976512,67.74,84.83,91.37,96.13,86.8,77.04,91.93,1.28,99.89
Nusa Tenggara Barat,Lombok Tengah,-8.722795829769597,116.28914365339052,-23818.770593003406,67.74,84.83,91.37,96.13,86.8,77.04,91.93,1.28,99.89
Nusa Tenggara Barat,Lombok Timur,-8.533116718958105,116.53066631816635,-23829.030901153834,67.74,84.83,91.37,96.13,86.8,77.04,91.93,1.28,99.89
Nusa Tenggara Barat,Sumbawa,-8.703221200371717,117.48493808830204,-23796.773059425264,67.74,84.83,91.37,96.13,86.8,77.04,91.93,1.28,99.89
Nusa Tenggara Barat,Dompu,-8.472141966031373,118.21680611851356,-23800.655162717787,67.74,84.83,91.37,96.13,86.8,77.04,91.93,1.28,99.89
Nusa Tenggara Barat,Bima,-8.474763701975414,118.61861995592824,-23792.53522084796,67.74,84.83,91.37,96.13,86.8,77.04,91.93,1.28,99.89
Nusa Tenggara Barat,Sumbawa Barat,-8.829708937760703,116.91505782417316,-23797.981322986092,67.74,84.83,91.37,96.13,86.8,77.04,91.93,1.28,99.89
Nusa Tenggara Barat,Lombok Utara,-8.349040795636183,116.28349719153228,-23848.470782462842,67.74,84.83,91.37,96.13,86.8,77.04,91.93,1.28,99.89
Nusa Tenggara Barat,Kota Mataram,-8.590268831230997,116.11109308466004,-23832.768449205472,67.74,84.83,91.37,96.13,86.8,77.04,91.93,1.28,99.89
Nusa Tenggara Barat,Kota Bima,-8.455799435365842,118.78490654437653,-23790.76210032031,67.74,84.83,91.37,96.13,86.8,77.04,91.93,1.28,99.89
Nusa Tenggara Timur,Sumba Barat,-9.642180801803375,119.37971407346738,-22512.712412647146,46.88,67.5,87.93,88.55,77.66,44.06,91.39,2.95,91.01
Nusa Tenggara Timur,Sumba Timur,-9.87729808135647,120.25496768589085,-22476.863713645424,46.88,67.5,87.93,88.55,77.66,44.06,91.39,2.95,91.01
Nusa Tenggara Timur,Kupang,-9.918213637259829,123.8599568609068,-22402.63628493088,46.88,67.5,87.93,88.55,77.66,44.06,91.39,2.95,91.01
Nusa Tenggara Timur,Timor Tengah Selatan,-9.827955804523938,124.3967496167382,-22399.21136312271,46.88,67.5,87.93,88.55,77.66,44.06,91.39,2.95,91.01
Nusa Tenggara Timur,Timor Tengah Utara,-9.37753021365492,124.56966764574771,-22431.46508364308,46.88,67.5,87.93,88.55,77.66,44.06,91.39,2.95,91.01
Nusa Tenggara Timur,Belu,-9.153849827003624,124.9684445880492,-22441.32056494392,46.88,67.5,87.93,88.55,77.66,44.06,91.39,2.95,91.01
Nusa Tenggara Timur,Alor,-8.303671708671658,124.56876213281348,-22516.49688818981,46.88,67.5,87.93,88.55,77.66,44.06,91.39,2.95,91.01
Nusa Tenggara Timur,Lembata,-8.380280709360466,123.542344526975,-22530.643877996597,46.88,67.5,87.93,88.55,77.66,44.06,91.39,2.95,91.01
Nusa Tenggara Timur,Flores Timur,-8.365094347184668,122.94442274719088,-22543.620215285377,46.88,67.5,87.93,88.55,77.66,44.06,91.39,2.95,91.01
Nusa Tenggara Timur,Sikka,-8.6086620621142,122.30372135527575,-22536.954214797657,46.88,67.5,87.93,88.55,77.66,44.06,91.39,2.95,91.01
Nusa Tenggara Timur,Ende,-8.67723952109192,121.73413180929138,-22542.74132678535,46.88,67.5,87.93,88.55,77.66,44.06,91.39,2.95,91.01
Nusa Tenggara Timur,Ngada,-8.667527083860396,121.00118186711704,-22557.94324142893,46.88,67.5,87.93,88.55,77.66,44.06,91.39,2.95,91.01
Nusa Tenggara Timur,Manggarai,-8.56936108974567,120.40152206860398,-22577.523037614614,46.88,67.5,87.93,88.55,77.66,44.06,91.39,2.95,91.01
Nusa Tenggara Timur,Rote Ndao,-10.726035534908306,123.12435711883164,-22353.16877703644,46.88,67.5,87.93,88.55,77.66,44.06,91.39,2.95,91.01
Nusa Tenggara Timur,Manggarai Barat,-8.602543458665204,119.98892113580357,-22583.020897981478,46.88,67.5,87.93,88.55,77.66,44.06,91.39,2.95,91.01
Nusa Tenggara Timur,Sumba Tengah,-9.547713224677326,119.66562263710986,-22514.561092837957,46.88,67.5,87.93,88.55,77.66,44.06,91.39,2.95,91.01
Nusa Tenggara Timur,Sumba Barat Daya,-9.53424325241282,119.18003654738784,-22525.18947112119,46.88,67.5,87.93,88.55,77.66,44.06,91.39,2.95,91.01
Nusa Tenggara Timur,Nagekeo,-8.688708669769012,121.27301155096664,-22550.913580734603,46.88,67.5,87.93,88.55,77.66,44.06,91.39,2.95,91.01
Nusa Tenggara Timur,Manggarai Timur,-8.571655003364476,120.6905940597148,-22571.649124153162,46.88,67.5,87.93,88.55,77.66,44.06,91.39,2.95,91.01
Nusa Tenggara Timur,Sabu Raijua,-10.535743351329184,121.84435440613218,-22393.43900288275,46.88,67.5,87.93,88.55,77.66,44.06,91.39,2.95,91.01
Nusa Tenggara Timur,Malaka,-9.521768984672995,124.88932013063582,-22413.75166468322,46.88,67.5,87.93,88.55,77.66,44.06,91.39,2.95,91.01
Nusa Tenggara Timur,Kota Kupang,-10.204297644817244,123.6071839720373,-22384.965442481334,46.88,67.5,87.93,88.55,77.66,44.06,91.39,2.95,91.01
Kalimantan Barat,Sambas,1.429969837468297,109.34638469723927,-22153.31078613474,65.7,98.68,97.44,82.13,81.56,77.99,91.94,1.4,92.95
Kalimantan Barat,Bengkayang,1.0120337452738288,109.56443931651567,-22115.930250048135,65.7,98.68,97.44,82.13,81.56,77.99,91.94,1.4,92.95
Kalimantan Barat,Landak,0.5165585615059111,109.77118030315104,-22072.633974269804,65.7,98.68,97.44,82.13,81.56,77.99,91.94,1.4,92.95
Kalimantan Barat,Mempawah,0.3583352643848569,109.15602514229012,-22072.221372710264,65.7,98.68,97.44,82.13,81.56,77.99,91.94,1.4,92.95
Kalimantan Barat,Sanggau,0.2686857480038473,110.43207636705192,-22039.99651918222,65.7,98.68,97.44,82.13,81.56,77.99,91.94,1.4,92.95
Kalimantan Barat,Ketapang,-1.6332240115575,110.61387416347104,-21885.84844991963,65.7,98.68,97.44,82.13,81.56,77.99,91.94,1.4,92.95
Kalimantan Barat,Sintang,0.0926358993417124,112.07152422968528,-21993.775736901676,65.7,98.68,97.44,82.13,81.56,77.99,91.94,1.4,92.95
Kalimantan Barat,Kapuas Hulu,0.8352381511761106,112.81087616535685,-22038.006125221666,65.7,98.68,97.44,82.13,81.56,77.99,91.94,1.4,92.95
Kalimantan Barat,Sekadau,-0.0038791314102325,110.9513185688061,-22008.193673278365,65.7,98.68,97.44,82.13,81.56,77.99,91.94,1.4,92.95
Kalimantan Barat,Melawi,-0.6326354218771204,111.72757674162632,-21943.131207687744,65.7,98.68,97.44,82.13,81.56,77.99,91.94,1.4,92.95
Kalimantan Barat,Kayong Utara,-1.091862906946181,109.92513952489408,-21942.268630748877,65.7,98.68,97.44,82.13,81.56,77.99,91.94,1.4,92.95
Kalimantan Barat,Kubu Raya,-0.3867407691861245,109.5374741754306,-22005.724694934255,65.7,98.68,97.44,82.13,81.56,77.99,91.94,1.4,92.95
Kalimantan Barat,Kota Pontianak,-0.0252254562747231,109.33141043323172,-22038.402456340948,65.7,98.68,97.44,82.13,81.56,77.99,91.94,1.4,92.95
Kalimantan Barat,Kota Singkawang,0.8985240195732173,109.0348921275268,-22117.371715858968,65.7,98.68,97.44,82.13,81.56,77.99,91.94,1.4,92.95
Kalimantan Tengah,Kotawaringin Barat,-2.5456909214682857,111.74686194967607,-20696.217784776323,59.92,95.31,96.41,78.71,78.15,75.92,83.02,3.0,89.04
Kalimantan Tengah,Kotawaringin Timur,-2.064989919410805,112.71302993951856,-20715.24789349521,59.92,95.31,96.41,78.71,78.15,75.92,83.02,3.0,89.04
Kalimantan Tengah,Kapuas,-1.74785070749573,114.29802530756368,-20709.14358643281,59.92,95.31,96.41,78.71,78.15,75.92,83.02,3.0,89.04
Kalimantan Tengah,Barito Selatan,-1.801865359244946,114.92403688518849,-20692.540201393014,59.92,95.31,96.41,78.71,78.15,75.92,83.02,3.0,89.04
Kalimantan Tengah,Barito Utara,-0.9330650695788693,115.13473254144996,-20757.171415736768,59.92,95.31,96.41,78.71,78.15,75.92,83.02,3.0,89.04
Kalimantan Tengah,Sukamara,-2.6230390372949848,111.16090519396862,-20701.632849434525,59.92,95.31,96.41,78.71,78.15,75.92,83.02,3.0,89.04
Kalimantan Tengah,Lamandau,-1.8011215799644358,111.40667879322268,-20761.86175513082,59.92,95.31,96.41,78.71,78.15,75.92,83.02,3.0,89.04
Kalimantan Tengah,Seruyan,-2.2830091015227243,112.17627058319032,-20708.55769661166,59.92,95.31,96.41,78.71,78.15,75.92,83.02,3.0,89.04
Kalimantan Tengah,Katingan,-1.6998763116309106,113.05983209066288,-20737.32366521576,59.92,95.31,96.41,78.71,78.15,75.92,83.02,3.0,89.04
Kalimantan Tengah,Pulang Pisau,-2.716050586507444,113.95521249515562,-20639.24482976966,59.92,95.31,96.41,78.71,78.15,75.92,83.02,3.0,89.04
Kalimantan Tengah,Gunung Mas,-1.025667237910998,113.53316192615937,-20781.378003085254,59.92,95.31,96.41,78.71,78.15,75.92,83.02,3.0,89.04
Kalimantan Tengah,Barito Timur,-1.9781858653198352,115.1596445727158,-20673.941955978236,59.92,95.31,96.41,78.71,78.15,75.92,83.02,3.0,89.04
Kalimantan Tengah,Murung Raya,-0.0309139866712799,114.2791010177853,-20845.440674524336,59.92,95.31,96.41,78.71,78.15,75.92,83.02,3.0,89.04
Kalimantan Tengah,Kota Palangka Raya,-2.0184573277309483,113.7690709379542,-20698.13651552743,59.92,95.31,96.41,78.71,78.15,75.92,83.02,3.0,89.04
Kalimantan Selatan,Tanah Laut,-3.8188206233003856,114.90339051664772,-19691.75115628771,60.6,91.2,96.42,77.34,83.7,83.52,84.53,4.41,98.89
Kalimantan Selatan,Kota Baru,-2.986971197080788,116.06540100677636,-19734.72410573907,60.6,91.2,96.42,77.34,83.7,83.52,84.53,4.41,98.89
Kalimantan Selatan,Banjar,-3.3182526363359104,115.08834626802737,-19727.737448432792,60.6,91.2,96.42,77.34,83.7,83.52,84.53,4.41,98.89
Kalimantan Selatan,Barito Kuala,-3.090319906535417,114.6260716781393,-19754.885120868017,60.6,91.2,96.42,77.34,83.7,83.52,84.53,4.41,98.89
Kalimantan Selatan,Tapin,-2.9246706926356616,115.04784371771024,-19759.6936462198,60.6,91.2,96.42,77.34,83.7,83.52,84.53,4.41,98.89
Kalimantan Selatan,Hulu Sungai Selatan,-2.7282749058159417,115.20686770152552,-19772.110229499063,60.6,91.2,96.42,77.34,83.7,83.52,84.53,4.41,98.89
Kalimantan Selatan,Hulu Sungai Tengah,-2.603491692591009,115.50213492251886,-19776.174614857347,60.6,91.2,96.42,77.34,83.7,83.52,84.53,4.41,98.89
Kalimantan Selatan,Hulu Sungai Utara,-2.44207016297298,115.1570756215227,-19795.748641098668,60.6,91.2,96.42,77.34,83.7,83.52,84.53,4.41,98.89
Kalimantan Selatan,Tabalong,-1.8860139504072035,115.5164777407128,-19832.69261904057,60.6,91.2,96.42,77.34,83.7,83.52,84.53,4.41,98.89
Kalimantan Selatan,Tanah Bumbu,-3.4473565814109617,115.65456661548228,-19706.366871539343,60.6,91.2,96.42,77.34,83.7,83.52,84.53,4.41,98.89
Kalimantan Selatan,Balangan,-2.3191394308983333,115.64216901304246,-19795.928376211534,60.6,91.2,96.42,77.34,83.7,83.52,84.53,4.41,98.89
Kalimantan Selatan,Kota Banjarmasin,-3.3293462877962026,114.59191351594647,-19736.63479144357,60.6,91.2,96.42,77.34,83.7,83.52,84.53,4.41,98.89
Kalimantan Selatan,Kota Banjar Baru,-3.47644399931756,114.81839100590504,-19720.529810910943,60.6,91.2,96.42,77.34,83.7,83.52,84.53,4.41,98.89
Kalimantan Timur,Paser,-1.7332628113703166,116.09352565984182,-5917.673999704701,76.77,97.02,94.21,89.11,91.65,79.03,76.99,10.15,96.5
Kalimantan Timur,Kutai Barat,-0.5059553444317486,115.83378504956966,-6019.950768622295,76.77,97.02,94.21,89.11,91.65,79.03,76.99,10.15,96.5
Kalimantan Timur,Kutai Kartanegara,0.0867409391133,116.51267116110702,-6053.504250001324,76.77,97.02,94.21,89.11,91.65,79.03,76.99,10.15,96.5
Kalimantan Timur,Kutai Timur,0.9577274654611032,117.13841593558853,-6110.1355295825415,76.77,97.02,94.21,89.11,91.65,79.03,76.99,10.15,96.5
Kalimantan Timur,Berau,1.92838399824234,117.30377903566624,-6183.723053734197,76.77,97.02,94.21,89.11,91.65,79.03,76.99,10.15,96.5
Kalimantan Timur,Penajam Paser Utara,-1.156951164525268,116.59675158527824,-5953.389404568401,76.77,97.02,94.21,89.11,91.65,79.03,76.99,10.15,96.5
Kalimantan Timur,Mahakam Hulu,0.7193701324654842,114.87159673378106,-6135.903001330451,76.77,97.02,94.21,89.11,91.65,79.03,76.99,10.15,96.5
Kalimantan Timur,Kota Balikpapan,-1.1593695505398638,116.86560429184888,-5947.903788594313,76.77,97.02,94.21,89.11,91.65,79.03,76.99,10.15,96.5
Kalimantan Timur,Kota Samarinda,-0.500724642900534,117.17870684223568,-5993.881104341497,76.77,97.02,94.21,89.11,91.65,79.03,76.99,10.15,96.5
Kalimantan Timur,Kota Bontang,0.0907313418429425,117.45715143124094,-6035.221759364858,76.77,97.02,94.21,89.11,91.65,79.03,76.99,10.15,96.5
Kalimantan Utara,Malinau,2.478197327264458,115.71684766849422,-2911.147553763307,69.65,99.39,92.44,89.42,85.17,78.0,78.31,9.34,96.18
Kalimantan Utara,Bulungan,2.814671316085301,117.03748834756485,-2911.7795062143414,69.65,99.39,92.44,89.42,85.17,78.0,78.31,9.34,96.18
Kalimantan Utara,Tana Tidung,3.5517390187857774,117.16711529146264,-2967.5782479744375,69.65,99.39,92.44,89.42,85.17,78.0,78.31,9.34,96.18
Kalimantan Utara,Nunukan,3.994608092541799,116.66301427031198,-3012.565381842087,69.65,99.39,92.44,89.42,85.17,78.0,78.31,9.34,96.18
Kalimantan Utara,Kota Tarakan,3.3594056365995613,117.59951132082055,-2943.8372219246176,69.65,99.39,92.44,89.42,85.17,78.0,78.31,9.34,96.18
Sulawesi Utara,Bolaang Mongondow,0.7079298002982987,124.0402735102605,-24835.18306438915,74.21,94.32,92.45,94.46,87.31,87.04,79.51,2.18,99.67
Sulawesi Utara,Minahasa,1.254683946714502,124.85416947353444,-24862.440882346295,74.21,94.32,92.45,94.46,87.31,87.04,79.51,2.18,99.67
Sulawesi Utara,Kepulauan Sangihe,3.550699306634365,125.5413046408275,-25030.678297397833,74.21,94.32,92.45,94.46,87.31,87.04,79.51,2.18,99.67
Sulawesi Utara,Kepulauan Talaud,4.22564864085994,126.78163357385398,-25059.687742677786,74.21,94.32,92.45,94.46,87.31,87.04,79.51,2.18,99.67
Sulawesi Utara,Minahasa Selatan,1.084592318650189,124.5210498968124,-24855.534949695284,74.21,94.32,92.45,94.46,87.31,87.04,79.51,2.18,99.67
Sulawesi Utara,Minahasa Utara,1.5491395534727643,125.00805318715162,-24882.721771227927,74.21,94.32,92.45,94.46,87.31,87.04,79.51,2.18,99.67
Sulawesi Utara,Bolaang Mongondow Utara,0.7679520228650861,123.48113248329724,-24850.945256639614,74.21,94.32,92.45,94.46,87.31,87.04,79.51,2.18,99.67
Sulawesi Utara,Siau Tagulandang Biaro,2.539823821830396,125.397015817234,-24953.491778521624,74.21,94.32,92.45,94.46,87.31,87.04,79.51,2.18,99.67
Sulawesi Utara,Minahasa Tenggara,1.010283964466255,124.72189642762316,-24845.697188333274,74.21,94.32,92.45,94.46,87.31,87.04,79.51,2.18,99.67
Sulawesi Utara,Bolaang Mongondow Selatan,0.4442332840084854,123.93289683588831,-24816.421473702445,74.21,94.32,92.45,94.46,87.31,87.04,79.51,2.18,99.67
Sulawesi Utara,Bolaang Mongondow Timur,0.7194460013161875,124.51221849509508,-24826.80137843221,74.21,94.32,92.45,94.46,87.31,87.04,79.51,2.18,99.67
Sulawesi Utara,Kota Manado,1.524707419530354,124.8485574863175,-24883.928294083817,74.21,94.32,92.45,94.46,87.31,87.04,79.51,2.18,99.67
Sulawesi Utara,Kota Bitung,1.4847766531980933,125.16143005138986,-24874.60611715147,74.21,94.32,92.45,94.46,87.31,87.04,79.51,2.18,99.67
Sulawesi Utara,Kota Tomohon,1.3243124088506133,124.81490008204054,-24868.7264270367,74.21,94.32,92.45,94.46,87.31,87.04,79.51,2.18,99.67
Sulawesi Utara,Kota Kotamobagu,0.7107966566528764,124.319062826437,-24829.92019581485,74.21,94.32,92.45,94.46,87.31,87.04,79.51,2.18,99.67
Sulawesi Utara,Danau,1.1703153091073697,124.84418932306428,-24855.95821064916,74.21,94.32,92.45,94.46,87.31,87.04,79.51,2.18,99.67
Sulawesi Tengah,Banggai Kepulauan,-1.3722257733725756,123.14378275215064,-19764.66419179626,62.59,94.48,89.66,87.86,77.4,80.03,88.63,2.87,96.6
Sulawesi Tengah,Banggai,-1.020828251781165,122.58364281517858,-19803.513312959974,62.59,94.48,89.66,87.86,77.4,80.03,88.63,2.87,96.6
Sulawesi Tengah,Morowali,-2.693858143756445,121.91358340989603,-19684.259432060247,62.59,94.48,89.66,87.86,77.4,80.03,88.63,2.87,96.6
Sulawesi Tengah,Poso,-1.6808249699790456,120.52109200580097,-19791.878544547457,62.59,94.48,89.66,87.86,77.4,80.03,88.63,2.87,96.6
Sulawesi Tengah,Donggala,-0.3958714227224924,119.83572137225428,-19907.100338822922,62.59,94.48,89.66,87.86,77.4,80.03,88.63,2.87,96.6
Sulawesi Tengah,Toli-Toli,0.9260110160801454,120.718922936246,-19994.357863028374,62.59,94.48,89.66,87.86,77.4,80.03,88.63,2.87,96.6
Sulawesi Tengah,Buol,0.9779759812140192,121.37277864029174,-19985.596250801656,62.59,94.48,89.66,87.86,77.4,80.03,88.63,2.87,96.6
Sulawesi Tengah,Parigi Moutong,0.0166465371896912,120.45141157785832,-19927.634106740712,62.59,94.48,89.66,87.86,77.4,80.03,88.63,2.87,96.6
Sulawesi Tengah,Tojo Una-Una,-1.1123704901227185,121.57623490117771,-19816.103753016912,62.59,94.48,89.66,87.86,77.4,80.03,88.63,2.87,96.6
Sulawesi Tengah,Sigi,-1.4084885754863068,119.97044127960676,-19824.28178846819,62.59,94.48,89.66,87.86,77.4,80.03,88.63,2.87,96.6
Sulawesi Tengah,Banggai Laut,-1.7888517867987404,123.53460720792536,-19723.985243087,62.59,94.48,89.66,87.86,77.4,80.03,88.63,2.87,96.6
Sulawesi Tengah,Morowali Utara,-1.814557582129941,121.38496712685117,-19764.280209802957,62.59,94.48,89.66,87.86,77.4,80.03,88.63,2.87,96.6
Sulawesi Tengah,Kota Palu,-0.8298028204813959,119.90997383754002,-19871.285210330185,62.59,94.48,89.66,87.86,77.4,80.03,88.63,2.87,96.6
Sulawesi Selatan,Kepulauan Selayar,-6.561885064178744,120.71525321468096,-23085.73422702379,71.86,86.09,94.51,92.23,93.83,85.66,88.25,2.09,98.23
Sulawesi Selatan,Bulukumba,-5.432469210346689,120.23600655247216,-23184.583669022057,71.86,86.09,94.51,92.23,93.83,85.66,88.25,2.09,98.23
Sulawesi Selatan,Bantaeng,-5.48818963820113,119.98691130771574,-23185.077561905004,71.86,86.09,94.51,92.23,93.83,85.66,88.25,2.09,98.23
Sulawesi Selatan,Jeneponto,-5.567517226647006,119.69844683627883,-23184.477796725696,71.86,86.09,94.51,92.23,93.83,85.66,88.25,2.09,98.23
Sulawesi Selatan,Takalar,-5.419755829850611,119.47055758929334,-23200.663118977547,71.86,86.09,94.51,92.23,93.83,85.66,88.25,2.09,98.23
Sulawesi Selatan,Gowa,-5.309278930783019,119.71872707452646,-23204.522352086253,71.86,86.09,94.51,92.23,93.83,85.66,88.25,2.09,98.23
Sulawesi Selatan,Sinjai,-5.209746428804532,120.13586687957276,-23204.187843414256,71.86,86.09,94.51,92.23,93.83,85.66,88.25,2.09,98.23
Sulawesi Selatan,Maros,-5.000696327514021,119.7247490450224,-23228.833275831246,71.86,86.09,94.51,92.23,93.83,85.66,88.25,2.09,98.23
Sulawesi Selatan,Pangkajene Dan Kepulauan,-4.939837253159422,119.47868449327513,-23238.496718901744,71.86,86.09,94.51,92.23,93.83,85.66,88.25,2.09,98.23
Sulawesi Selatan,Barru,-4.441677904311638,119.69414528310529,-23273.6916315114,71.86,86.09,94.51,92.23,93.83,85.66,88.25,2.09,98.23
Sulawesi Selatan,Bone,-4.69481489107113,120.129585872919,-23245.07702435394,71.86,86.09,94.51,92.23,93.83,85.66,88.25,2.09,98.23
Sulawesi Selatan,Soppeng,-4.339045666325047,119.89211090141552,-23277.918425883974,71.86,86.09,94.51,92.23,93.83,85.66,88.25,2.09,98.23
Sulawesi Selatan,Wajo,-4.0065376597868605,120.17100020113,-23298.75023329416,71.86,86.09,94.51,92.23,93.83,85.66,88.25,2.09,98.23
Sulawesi Selatan,Sidenreng Rappang,-3.8072903094978994,119.97142678938624,-23318.453949048297,71.86,86.09,94.51,92.23,93.83,85.66,88.25,2.09,98.23
Sulawesi Selatan,Pinrang,-3.6224569765611743,119.59991636023922,-23340.40228054702,71.86,86.09,94.51,92.23,93.83,85.66,88.25,2.09,98.23
Sulawesi Selatan,Enrekang,-3.503723977200986,119.87202985205336,-23344.443625355467,71.86,86.09,94.51,92.23,93.83,85.66,88.25,2.09,98.23
Sulawesi Selatan,Luwu,-3.198548471259324,120.18254653138312,-23362.488809274582,71.86,86.09,94.51,92.23,93.83,85.66,88.25,2.09,98.23
Sulawesi Selatan,Tana Toraja,-3.10851239609031,119.71237539504908,-23378.875136947514,71.86,86.09,94.51,92.23,93.83,85.66,88.25,2.09,98.23
Sulawesi Selatan,Luwu Utara,-2.394945844819459,120.16072592296938,-23426.537165940354,71.86,86.09,94.51,92.23,93.83,85.66,88.25,2.09,98.23
Sulawesi Selatan,Luwu Timur,-2.5506780734644283,121.1385182487634,-23394.95397077134,71.86,86.09,94.51,92.23,93.83,85.66,88.25,2.09,98.23
Sulawesi Selatan,Toraja Utara,-2.888179389700725,119.86893361264688,-23393.235309080126,71.86,86.09,94.51,92.23,93.83,85.66,88.25,2.09,98.23
Sulawesi Selatan,Kota Makassar,-5.133417576267245,119.46114643830622,-23223.516932083938,71.86,86.09,94.51,92.23,93.83,85.66,88.25,2.09,98.23
Sulawesi Selatan,Kota Parepare,-4.029351701078474,119.66160212311384,-23306.975019177844,71.86,86.09,94.51,92.23,93.83,85.66,88.25,2.09,98.23
Sulawesi Selatan,Kota Palopo,-2.9804740323489325,120.14788227898318,-23380.43566844038,71.86,86.09,94.51,92.23,93.83,85.66,88.25,2.09,98.23
Sulawesi Tenggara,Buton,-5.312806972636647,122.92447842029794,-21158.3849581386,76.67,93.46,93.03,95.31,90.62,86.6,91.37,2.32,97.83
Sulawesi Tenggara,Muna,-4.93950199191677,122.6386003935254,-21193.56774709228,76.67,93.46,93.03,95.31,90.62,86.6,91.37,2.32,97.83
Sulawesi Tenggara,Konawe,-3.5253946861663024,121.88615783244352,-21320.334993556502,76.67,93.46,93.03,95.31,90.62,86.6,91.37,2.32,97.83
Sulawesi Tenggara,Kolaka,-4.074941350464884,121.52935628760623,-21283.855146250273,76.67,93.46,93.03,95.31,90.62,86.6,91.37,2.32,97.83
Sulawesi Tenggara,Konawe Selatan,-4.2626521810580105,122.42083547140172,-21251.439956852148,76.67,93.46,93.03,95.31,90.62,86.6,91.37,2.32,97.83
Sulawesi Tenggara,Bombana,-4.797843751008696,121.8512758026264,-21220.286120607376,76.67,93.46,93.03,95.31,90.62,86.6,91.37,2.32,97.83
Sulawesi Tenggara,Wakatobi,-5.57073394620619,123.78490034205323,-21121.022548799945,76.67,93.46,93.03,95.31,90.62,86.6,91.37,2.32,97.83
Sulawesi Tenggara,Kolaka Utara,-3.2454609822046536,121.1519235658838,-21356.954759726374,76.67,93.46,93.03,95.31,90.62,86.6,91.37,2.32,97.83
Sulawesi Tenggara,Buton Utara,-4.695606567787955,123.01743801306476,-21205.416227480357,76.67,93.46,93.03,95.31,90.62,86.6,91.37,2.32,97.83
Sulawesi Tenggara,Konawe Utara,-3.385155741498977,121.99693076917282,-21329.25596159122,76.67,93.46,93.03,95.31,90.62,86.6,91.37,2.32,97.83
Sulawesi Tenggara,Kolaka Timur,-3.795358014136125,121.61223761433818,-21304.356800530462,76.67,93.46,93.03,95.31,90.62,86.6,91.37,2.32,97.83
Sulawesi Tenggara,Konawe Kepulauan,-4.114415857468587,123.0950540658955,-21249.898863460618,76.67,93.46,93.03,95.31,90.62,86.6,91.37,2.32,97.83
Sulawesi Tenggara,Muna Barat,-4.817475718396876,122.4931435851942,-21206.092468459516,76.67,93.46,93.03,95.31,90.62,86.6,91.37,2.32,97.83
Sulawesi Tenggara,Buton Tengah,-5.316823821936229,122.39897465856188,-21168.41500600466,76.67,93.46,93.03,95.31,90.62,86.6,91.37,2.32,97.83
Sulawesi Tenggara,Buton Selatan,-5.605820914082521,122.6772899869363,-21140.055527511642,76.67,93.46,93.03,95.31,90.62,86.6,91.37,2.32,97.83
Sulawesi Tenggara,Kota Kendari,-4.000395568535314,122.5326209280227,-21270.000738616873,76.67,93.46,93.03,95.31,90.62,86.6,91.37,2.32,97.83
Sulawesi Tenggara,Kota Baubau,-5.430032694039403,122.67526754702853,-21154.011948835185,76.67,93.46,93.03,95.31,90.62,86.6,91.37,2.32,97.83
Gorontalo,Boalemo,0.6555993394361129,122.3258783692438,-23313.486316949376,72.04,97.85,89.0,96.13,82.99,82.62,86.05,1.07,98.99
Gorontalo,Gorontalo,0.6937946800927688,122.71075819951798,-23308.931192593976,72.04,97.85,89.0,96.13,82.99,82.62,86.05,1.07,98.99
Gorontalo,Pohuwato,0.6881180518748828,121.71103714382409,-23328.167973679563,72.04,97.85,89.0,96.13,82.99,82.62,86.05,1.07,98.99
Gorontalo,Bone Bolango,0.5331299970924822,123.2911431454798,-23284.783127468207,72.04,97.85,89.0,96.13,82.99,82.62,86.05,1.07,98.99
Gorontalo,Gorontalo Utara,0.8860781037966813,122.66000381377007,-23325.153100519434,72.04,97.85,89.0,96.13,82.99,82.62,86.05,1.07,98.99
Gorontalo,Kota Gorontalo,0.539453813949424,123.05579414696372,-23289.918179903263,72.04,97.85,89.0,96.13,82.99,82.62,86.05,1.07,98.99
Sulawesi Barat,Majene,-3.167416678928875,118.91968133951116,-25319.19631710655,59.95,91.59,91.7,80.14,82.52,78.07,94.2,0.51,94.99
Sulawesi Barat,Polewali Mandar,-3.3119455599831022,119.14448117838847,-25303.327738497497,59.95,91.59,91.7,80.14,82.52,78.07,94.2,0.51,94.99
Sulawesi Barat,Mamasa,-2.9488046518090174,119.31189208704916,-25328.77985182187,59.95,91.59,91.7,80.14,82.52,78.07,94.2,0.51,94.99
Sulawesi Barat,Mamuju,-2.530675005155979,119.32496692861989,-25361.62438486187,59.95,91.59,91.7,80.14,82.52,78.07,94.2,0.51,94.99
Sulawesi Barat,Mamuju Utara,-1.4856642101042288,119.5072072923238,-25440.76595865482,59.95,91.59,91.7,80.14,82.52,78.07,94.2,0.51,94.99
Sulawesi Barat,Mamuju Tengah,-2.0077678624582096,119.51843699999698,-25399.211535927454,59.95,91.59,91.7,80.14,82.52,78.07,94.2,0.51,94.99
Maluku,Maluku Tenggara Barat,-7.584403269203593,131.36764906687992,-18523.368300802722,66.13,92.7,89.11,93.32,80.51,76.5,,,95.37
Maluku,Maluku Tenggara,-5.674753702693174,132.8903569832338,-18644.564534150562,66.13,92.7,89.11,93.32,80.51,76.5,,,95.37
Maluku,Maluku Tengah,-3.15935989966076,129.29145096301465,-18914.56877356531,66.13,92.7,89.11,93.32,80.51,76.5,,,95.37
Maluku,Buru,-3.3029380851024497,126.72128545301786,-18953.813006754957,66.13,92.7,89.11,93.32,80.51,76.5,,,95.37
Maluku,Kepulauan Aru,-6.195864787642663,134.4504113378623,-18572.58973883739,66.13,92.7,89.11,93.32,80.51,76.5,,,95.37
Maluku,Seram Bagian Barat,-3.1334669972558187,128.35347843533975,-18935.08888238582,66.13,92.7,89.11,93.32,80.51,76.5,,,95.37
Maluku,Seram Bagian Timur,-3.415883664078097,130.4383098381614,-18871.677028559716,66.13,92.7,89.11,93.32,80.51,76.5,,,95.37
Maluku,Maluku Barat Daya,-7.823386987554771,127.32388067120571,-18584.077288960358,66.13,92.7,89.11,93.32,80.51,76.5,,,95.37
Maluku,Buru Selatan,-3.5696048639061364,126.55282333999756,-18936.01914438363,66.13,92.7,89.11,93.32,80.51,76.5,,,95.37
Maluku,Kota Ambon,-3.677179835792088,128.1797045281591,-18895.46675988243,66.13,92.7,89.11,93.32,80.51,76.5,,,95.37
Maluku,Kota Tual,-5.553113332631026,132.46653751842126,-18662.5401316239,66.13,92.7,89.11,93.32,80.51,76.5,,,95.37
Maluku Utara,Halmahera Barat,1.3641783935751373,127.58966802629412,-21539.501247805834,68.05,93.28,93.68,88.92,82.32,83.79,,,94.27
Maluku Utara,Halmahera Tengah,0.4027410674866196,128.2821960219882,-21449.750266698728,68.05,93.28,93.68,88.92,82.32,83.79,,,94.27
Maluku Utara,Kepulauan Sula,-1.9632967008633933,125.8390745560858,-21310.54771039756,68.05,93.28,93.68,88.92,82.32,83.79,,,94.27
Maluku Utara,Halmahera Selatan,-0.8235483295334192,127.70511015063754,-21364.03260994362,68.05,93.28,93.68,88.92,82.32,83.79,,,94.27
Maluku Utara,Halmahera Utara,1.5423150567150865,127.83106228613684,-21548.850305474276,68.05,93.28,93.68,88.92,82.32,83.79,,,94.27
Maluku Utara,Halmahera Timur,1.031173281868358,128.30855563949143,-21498.98218783699,68.05,93.28,93.68,88.92,82.32,83.79,,,94.27
Maluku Utara,Pulau Morotai,2.316572985700195,128.44836091184416,-21597.990207465926,68.05,93.28,93.68,88.92,82.32,83.79,,,94.27
Maluku Utara,Pulau Taliabu,-1.818859949789612,124.74064209955654,-21343.612284617593,68.05,93.28,93.68,88.92,82.32,83.79,,,94.27
Maluku Utara,Kota Ternate,0.8388326849972515,127.17256885981035,-21506.12467458804,68.05,93.28,93.68,88.92,82.32,83.79,,,94.27
Maluku Utara,Kota Tidore Kepulauan,0.4851921048355661,127.67367006071122,-21468.260549169332,68.05,93.28,93.68,88.92,82.32,83.79,,,94.27
Papua Barat,Fakfak,-3.0592979605554755,132.91208544589364,-12563.538783411765,58.22,98.33,88.86,82.38,79.0,64.43,,,82.31
Papua Barat,Kaimana,-3.61303349806227,134.02252031797124,-12497.834974171954,58.22,98.33,88.86,82.38,79.0,64.43,,,82.31
Papua Barat,Teluk Wondama,-2.8228113020918952,134.37448736339238,-12553.46353971772,58.22,98.33,88.86,82.38,79.0,64.43,,,82.31
Papua Barat,Teluk Bintuni,-2.0030982905791928,133.308510859766,-12639.348482643716,58.22,98.33,88.86,82.38,79.0,64.43,,,82.31
Papua Barat,Sorong Selatan,-1.7166784648883764,132.15111985562763,-12684.814399300705,58.22,98.33,88.86,82.38,79.0,64.43,,,82.31
Papua Barat,Sorong,-1.1165906216046029,131.56448723464018,-12743.873230145422,58.22,98.33,88.86,82.38,79.0,64.43,,,82.31
Papua Barat,Raja Ampat,-0.9001476361814366,130.57427934381653,-12780.50718672947,58.22,98.33,88.86,82.38,79.0,64.43,,,82.31
Papua Barat,Tambrauw,-0.806709841623473,132.7511333662371,-12745.038459589232,58.22,98.33,88.86,82.38,79.0,64.43,,,82.31
Papua Barat,Maybrat,-1.322247777460044,132.3756784814474,-12711.618291001498,58.22,98.33,88.86,82.38,79.0,64.43,,,82.31
Papua Barat,Manokwari Selatan,-1.5930660926045703,133.97273598008962,-12658.729726920645,58.22,98.33,88.86,82.38,79.0,64.43,,,82.31
Papua Barat,Kota Sorong,-0.8704765906438268,131.33783800464067,-12767.820400634373,58.22,98.33,88.86,82.38,79.0,64.43,,,82.31
Papua,Merauke,-7.840149703675268,139.70434046029644,-15971.420671985896,62.15,96.68,87.0,85.84,80.57,65.15,,,90.24
Papua,Jayawijaya,-4.088256158070627,138.86933795051496,-16284.888787428867,62.15,96.68,87.0,85.84,80.57,65.15,,,90.24
Papua,Jayapura,-2.978903134852455,139.97582360159277,-16350.92419397369,62.15,96.68,87.0,85.84,80.57,65.15,,,90.24
Papua,Nabire,-3.376555491288597,135.58432543038532,-16405.919270664894,62.15,96.68,87.0,85.84,80.57,65.15,,,90.24
Papua,Kepulauan Yapen,-1.7456981623012486,136.17413436330068,-16523.414749639254,62.15,96.68,87.0,85.84,80.57,65.15,,,90.24
Papua,Biak Numfor,-1.0039940460778705,135.84431533497525,-16588.627802152794,62.15,96.68,87.0,85.84,80.57,65.15,,,90.24
Papua,Paniai,-3.8051988502703136,136.49284009488457,-16354.094759658263,62.15,96.68,87.0,85.84,80.57,65.15,,,90.24
Papua,Puncak Jaya,-3.460215580962725,137.84375769327374,-16354.804161625314,62.15,96.68,87.0,85.84,80.57,65.15,,,90.24
Papua,Mimika,-4.500496139802828,136.69388567346363,-16295.091353367246,62.15,96.68,87.0,85.84,80.57,65.15,,,90.24
Papua,Boven Digoel,-5.987000924524434,140.36645217355553,-16105.090497533649,62.15,96.68,87.0,85.84,80.57,65.15,,,90.24
Papua,Mappi,-6.495805617760449,139.3990145586796,-16083.860509721864,62.15,96.68,87.0,85.84,80.57,65.15,,,90.24
Papua,Asmat,-5.369080519807628,138.56035063859574,-16189.574460804482,62.15,96.68,87.0,85.84,80.57,65.15,,,90.24
Papua,Yahukimo,-4.48920644486582,139.60325048543234,-16238.694857479075,62.15,96.68,87.0,85.84,80.57,65.15,,,90.24
Papua,Pegunungan Bintang,-4.51749718585348,140.53269475341327,-16218.152855094644,62.15,96.68,87.0,85.84,80.57,65.15,,,90.24
Papua,Tolikara,-3.483927785594827,138.40858719051505,-16341.80450287846,62.15,96.68,87.0,85.84,80.57,65.15,,,90.24
Papua,Sarmi,-2.471878085602691,139.00316703754345,-16410.216996328116,62.15,96.68,87.0,85.84,80.57,65.15,,,90.24
Papua,Keerom,-3.332129541727913,140.68325992453882,-16309.029773253804,62.15,96.68,87.0,85.84,80.57,65.15,,,90.24
Papua,Waropen,-2.746968245977208,136.72818551310243,-16433.237176384773,62.15,96.68,87.0,85.84,80.57,65.15,,,90.24
Papua,Supiori,-0.7320891587827743,135.56465243738694,-16615.660680868146,62.15,96.68,87.0,85.84,80.57,65.15,,,90.24
Papua,Mamberamo Raya,-2.489622234073396,137.96906678293686,-16429.175414090772,62.15,96.68,87.0,85.84,80.57,65.15,,,90.24
Papua,Nduga,-4.427393078503478,138.24047338840816,-16270.42378891488,62.15,96.68,87.0,85.84,80.57,65.15,,,90.24
Papua,Lanny Jaya,-3.9856667853320538,138.27098218450453,-16304.79308989341,62.15,96.68,87.0,85.84,80.57,65.15,,,90.24
Papua,Mamberamo Tengah,-3.608634111585949,139.0276651416352,-16319.741216813618,62.15,96.68,87.0,85.84,80.57,65.15,,,90.24
Papua,Yalimo,-3.813879354213458,139.4585918219737,-16295.006933648794,62.15,96.68,87.0,85.84,80.57,65.15,,,90.24
Papua,Puncak,-3.6195420391071496,137.4000323600759,-16350.928485917277,62.15,96.68,87.0,85.84,80.57,65.15,,,90.24
Papua,Dogiyai,-4.016855376919882,135.66759910673224,-16353.588960466159,62.15,96.68,87.0,85.84,80.57,65.15,,,90.24
Papua,Intan Jaya,-3.536387532808406,136.7448086261519,-16370.414017139216,62.15,96.68,87.0,85.84,80.57,65.15,,,90.24
Papua,Deiyai,-4.140289573526386,136.38461568497954,-16329.697809273073,62.15,96.68,87.0,85.84,80.57,65.15,,,90.24
Papua,Kota Jayapura,-2.659352331621906,140.80889644412335,-16359.81741866687,62.15,96.68,87.0,85.84,80.57,65.15,,,90.24
Papua Barat,Pegunungan Arfak,-1.1953920807666962,133.7338928350233,-12694.915539226313,58.22,98.33,88.86,82.38,79.0,64.43,,,82.31
Papua Barat,Manokwari,-0.9083588052018188,133.8512580967311,-12715.327935150573,58.22,98.33,88.86,82.38,79.0,64.43,,,82.31
Jawa Barat,Ciamis,-7.29053690285331,108.42864856238518,-14943.558459591208,56.25,78.81,94.26,94.9,75.1,82.37,83.44,5.91,99.9
Bengkulu,Kaur,-4.60719695403005,103.40750472085702,-17657.374459772946,56.52,95.61,95.66,72.1,83.01,81.71,89.76,3.49,99.75
