"Intercept","distance_center","road_width","y","yhat","residual","CV_Score","Stud_residual","Intercept_SE","distance_center_SE","road_width_SE","Intercept_TV","distance_center_TV","road_width_TV","Local_R2","longitude","latitude","dominant_variable"
26.1801538683646,-1.21187756313638,0.241974943268909,12.99,13.3840880238818,-0.394088023881791,0,-0.0570040296960459,1.29635498838449,0.107593343219665,0.0629856251872443,20.1952043251595,-11.2634994589041,3.84174869344495,0.418865796553237,106.711616722434,-6.12676477084501,"distance_center"
26.2270659833177,-1.21925301176529,0.249309231396816,17.68,19.363351040908,-1.68335104090796,0,-0.241488407065203,1.29461786250606,0.107851496397841,0.0629526101500942,20.2585386335923,-11.3049243866559,3.96026837969708,0.42909918977771,106.86648852816,-6.25753217786434,"distance_center"
26.8304337221185,-1.23774771808029,0.222713035286654,40.28,28.303234523268,11.976765476732,0,1.69959170598527,1.29543140371253,0.108113056324305,0.0630367631768091,20.7115819835972,-11.4486423764346,3.53306585019247,0.42575651170893,106.72789877213,-6.24157107029296,"distance_center"
26.5243022674805,-1.23019884379246,0.238379080242878,21.67,26.5140019907741,-4.84400199077407,0,-0.686156320721543,1.29182494608204,0.107714415896034,0.0628173868851157,20.5324276698059,-11.4209303699872,3.79479459530592,0.428476757100012,106.82150897038,-6.26589517526254,"distance_center"
26.1609265680317,-1.21931177137378,0.249132377638912,9.07,15.2658943893183,-6.19589438931833,0,-0.895618337611881,1.28975739323454,0.107603814314097,0.0627624189629491,20.2836027188211,-11.3314920957597,3.96945149271548,0.426272512699627,106.836846605302,-6.21196950125208,"distance_center"
26.2684764278482,-1.22156117889696,0.240244765830891,20.91,22.8053187120262,-1.89531871202618,0,-0.271211462370585,1.2967815923343,0.107469184543678,0.0630088984549832,20.2566697299913,-11.3666181062394,3.81287043134922,0.422211756420529,106.75175599632,-6.1674955431292,"distance_center"
26.8396475773311,-1.23581325168058,0.222471911095848,23,26.154046591199,-3.15404659119903,0,-0.446952027413878,1.29383900127866,0.108117028780614,0.0629648432597595,20.7441942550861,-11.430329390463,3.53327189552505,0.426416997044439,106.71769850041,-6.26080342751617,"distance_center"
26.0918492878021,-1.21350259789976,0.252553064635797,22.02,26.957720307243,-4.93772030724303,0,-0.700791631745158,1.29121699188393,0.107658496364154,0.0628160070432323,20.2071762157755,-11.2717773225729,4.02052082778806,0.427742654298344,106.86574750183,-6.22864933466128,"distance_center"
26.2569691036613,-1.21481447736954,0.239545407861086,24.47,17.3931566586527,7.07684334134729,0,1.01604232490044,1.29504168088301,0.107482075685227,0.062924143475473,20.2749992461697,-11.3024843409915,3.80689183245629,0.419509188282021,106.701104423425,-6.13690771430903,"distance_center"
26.7681130999323,-1.23523680763879,0.227584142752203,26.08,24.0740761879784,2.00592381202161,0,0.284720510028962,1.2914346145164,0.107903328988514,0.062833862104756,20.7274242141605,-11.4476246397392,3.62199831633423,0.427854944596034,106.771693145709,-6.27682618809497,"distance_center"
25.8278893205409,-1.19877104074008,0.25683910446321,29.2,22.8694110175536,6.33058898244642,0,0.897011093914523,1.29183015025803,0.108041430220568,0.0628555088920976,19.993254775314,-11.0954754883638,4.08618288182376,0.424005245603029,106.845921235668,-6.17248850572896,"distance_center"
26.3490899243882,-1.22567702774253,0.245206669842754,37.28,30.5524846268876,6.72751537311238,0,0.96294774826459,1.29495852795067,0.107921435857523,0.0629660773109162,20.3474392080238,-11.3571230590433,3.8942662512064,0.428446137386087,106.844345904233,-6.25280301605021,"distance_center"
25.7805298637839,-1.19284448983498,0.255379691682721,15.5,24.9368683283378,-9.43686832833776,0,-1.33669106375685,1.29246252870055,0.107951829640485,0.062872456643739,19.9468296304913,-11.049784832805,4.06186914454141,0.419234995247962,106.801714138233,-6.11848670521478,"distance_center"
26.80944216483,-1.23589666833403,0.223025775417225,26.9,28.7091906513185,-1.80919065131847,0,-0.257166840274349,1.29488238526295,0.108059488479961,0.0630033830521171,20.7041523384271,-11.4371878464261,3.53990158326476,0.425623539412176,106.715395981966,-6.24204970941725,"distance_center"
26.0584095364979,-1.20727376749782,0.245982058482752,17.23,16.0900428950439,1.13995710495606,0,0.16392526602261,1.29685252786082,0.107720443842088,0.0630214288761352,20.0935796296605,-11.2074711580989,3.90314949802574,0.418769402983901,106.737314011777,-6.121488200302,"distance_center"
26.7181348466309,-1.23865694961008,0.226593793153437,10.63,15.1658361488638,-4.5358361488638,0,-0.647341291951667,1.29617981903582,0.107757501182615,0.0630486967574687,20.612984752768,-11.4948559127308,3.59394888089569,0.424729364271239,106.745587032508,-6.21457844227475,"distance_center"
26.803235610618,-1.23729313200015,0.223287478378821,19.58,15.0976176583047,4.48238234169527,0,0.6464822797785,1.29638038017397,0.108085868372696,0.0630695295201927,20.6754406503909,-11.4473163849114,3.54033841821084,0.425304105175997,106.723973073467,-6.23247696571927,"distance_center"
25.6501754897831,-1.1833580216645,0.261342871304745,25.85,26.9894203189477,-1.13942031894766,0,-0.161857735712059,1.28965896395934,0.107915460586641,0.0627441869609481,19.8891150347494,-10.9656022893441,4.16521249159551,0.418015817532783,106.894356416544,-6.10751054101158,"distance_center"
26.2314835858168,-1.22257682560264,0.241992606156568,13.04,20.1038427589525,-7.06384275895245,0,-1.00573666317762,1.29590263218766,0.107410735915835,0.0629864945609027,20.2418630337485,-11.3822590933613,3.84197609096315,0.422791122970682,106.769014249605,-6.17312973105973,"distance_center"
25.7401850828561,-1.19226763168069,0.257928443299925,39.59,29.3667646338855,10.2232353661145,0,1.46092351232553,1.29337666791887,0.108249428963748,0.0629246512157182,19.9015381375897,-11.0140777932415,4.09900473529358,0.422020286597838,106.834427109481,-6.14767607693426,"distance_center"
26.3077839880684,-1.22188267753272,0.246645105842701,18.45,20.1196073050515,-1.66960730505146,0,-0.236840917512397,1.29444086052806,0.107826531209028,0.0629330680853993,20.3236662178112,-11.3319297563604,3.91916544586713,0.429448887223771,106.859669024997,-6.26985649120691,"distance_center"
26.5635709175859,-1.22737847344392,0.230276815934189,29.15,30.5785776687535,-1.42857766875354,0,-0.203274781332938,1.29202689164833,0.10742303181919,0.0628172966277505,20.559611482774,-11.4256547470174,3.6658186247458,0.423361578186088,106.703317565786,-6.19758138834014,"distance_center"
26.8087541017653,-1.23795925142583,0.223206450581932,22.71,21.9315203598247,0.778479640175291,0,0.110950870440317,1.29672797116208,0.10810572312393,0.0630876351611604,20.6741542543733,-11.4513757056752,3.53803800081807,0.425315860813482,106.727504188829,-6.23178672978995,"distance_center"
25.7302007656962,-1.19057224092212,0.257920610854426,11.97,17.1867587590883,-5.21675875908829,0,-0.74869899233815,1.2916600721827,0.108075533177566,0.0628422822232362,19.9202571325258,-11.0161125827252,4.1042527694683,0.421093422958379,106.831996809207,-6.13655555995976,"distance_center"
26.0671631286753,-1.21288212635762,0.24660460442472,18.79,23.6560851417538,-4.86608514175383,0,-0.691176997152664,1.29762244416086,0.107740523045424,0.0630670981730469,20.0884034073041,-11.2574367756342,3.91019424657962,0.42163603427822,106.769841914923,-6.15480886422595,"distance_center"
26.8354485759791,-1.23516908557018,0.222733480697012,22.64,18.6743009866301,3.96569901336987,0,0.566561342841072,1.29304640786108,0.108078170663592,0.0629275486033369,20.7536623688313,-11.4284788314452,3.53952260401894,0.426664444348885,106.716827992999,-6.26767425718108,"distance_center"
25.8348830401778,-1.1993128752831,0.256170862890425,20.61,20.8214332485247,-0.211433248524713,0,-0.0302235462215314,1.29171700525378,0.108030347577264,0.0628502069273651,20.0004203204726,-11.1016293308262,4.07589529794989,0.423688691237365,106.838379039539,-6.16960774809948,"distance_center"
25.8079548464804,-1.1972033717357,0.257436137122182,16.47,20.5778799146747,-4.10787991467474,0,-0.583199070383545,1.29168870750321,0.108039271627899,0.0628477900838683,19.980011202828,-11.0811869952162,4.09618439691582,0.423886254046693,106.849298281024,-6.17007342019056,"distance_center"
25.9572486341262,-1.2014122194518,0.249147023610117,14.83,23.9816818908222,-9.15168189082216,0,-1.29606749354888,1.2952337859788,0.107753164467454,0.0629650703351514,20.0405895175985,-11.1496699460244,3.95690852537691,0.417501015506851,106.748797928676,-6.10539788904951,"distance_center"
25.8448990634055,-1.20019778803201,0.255310680692062,7.74,15.2654637720801,-7.52546377208013,0,-1.07184953393923,1.29214581849146,0.108046566848204,0.062870025224599,20.0015344193727,-11.108152929266,4.06092855506232,0.423305971999086,106.829020672406,-6.16621518806738,"distance_center"
25.9795453638647,-1.20426661557566,0.248634761085459,38.19,28.3768727792985,9.81312722070148,0,1.3931427414697,1.29680043624152,0.107826571900697,0.0630330035621986,20.0335723507007,-11.1685514465277,3.94451711062944,0.419139481887888,106.755912068359,-6.12330119554675,"distance_center"
25.6599553701128,-1.18496387007663,0.261554110644047,23.96,13.7038762879527,10.2561237120473,0,1.47117769234107,1.29111015393309,0.108038384217019,0.0628133930099945,19.8743347280983,-10.9679895591216,4.16398634288758,0.420539489825917,106.892723995418,-6.12939810890653,"distance_center"
25.9411084439368,-1.20655458336688,0.254013480939582,18.96,17.2124209708243,1.74757902917575,0,0.248342217617239,1.29061898854919,0.107841427951732,0.0628030613121172,20.0997418092365,-11.1882289235536,4.04460348958456,0.424786180805569,106.839205959335,-6.18598776598213,"distance_center"
25.7857118400624,-1.19357691211567,0.255331188895852,23.47,27.6780106434231,-4.20801064342314,0,-0.601187830928522,1.29237959927618,0.107952178458801,0.0628692374615789,19.952119218304,-11.0565338204008,4.06130564335048,0.419780475387114,106.803665930473,-6.12452538561441,"distance_center"
25.6604887848813,-1.18532819093572,0.260631481113781,27.05,24.2314064386973,2.81859356130268,0,0.399737177307867,1.29234614175932,0.10820110435021,0.0628726969712173,19.8557398484191,-10.954862226722,4.1453841439806,0.420381567010056,106.862022678936,-6.12658553628398,"distance_center"
25.7065889359003,-1.18955970542629,0.258931323956624,21.32,27.8713887411482,-6.55138874114824,0,-0.930910246173332,1.29352593881896,0.108292611508552,0.0629308213834903,19.8732689963462,-10.9846801998339,4.11453908059992,0.421535547706638,106.840393375452,-6.14084146611278,"distance_center"
26.0267239427212,-1.20409733976625,0.246866500042701,21.69,30.3531173203875,-8.6631173203875,0,-1.23392097047115,1.29426106801408,0.107589613161083,0.0629102922245508,20.1093307879967,-11.1915760675101,3.92410353398997,0.417118857284601,106.731008323346,-6.10363182233789,"distance_center"
26.4745023730762,-1.23254888245709,0.234619182019918,14.49,16.453238338301,-1.96323833830104,0,-0.279685916629767,1.29402597879178,0.107246232917549,0.0629165368323581,20.4590192213878,-11.4927009455398,3.72905429688642,0.4237918140433,106.760653102935,-6.19258351456067,"distance_center"
26.742276827249,-1.23827077083378,0.225568878312748,30.96,18.0147763250336,12.9452236749664,0,1.84237066385164,1.29673437701596,0.107876290881805,0.0630745414065409,20.622786980313,-11.4786183387645,3.57622700510599,0.424795752534802,106.738876006799,-6.21772921898866,"distance_center"
26.4372381411673,-1.22479907573776,0.241633420920025,20.37,26.9067030472574,-6.5367030472574,0,-0.936834055785314,1.29228955803156,0.107683528239908,0.0628230647389848,20.4576737286626,-11.37406152786,3.84625331355539,0.429830542106197,106.842919020836,-6.29178649664642,"distance_center"
26.1398079580759,-1.20956797232653,0.243207468120994,28.78,28.2559343251419,0.524065674858072,0,0.0745244161148088,1.29570752456645,0.107580975810584,0.0629606705346575,20.174157718828,-11.2433259060245,3.86284748964225,0.418050828384749,106.711638719102,-6.1169572544747,"distance_center"
25.9330405463992,-1.2007251026515,0.249961391558829,24.79,26.6507296193085,-1.86072961930847,0,-0.264023412328944,1.29601616379579,0.107849665243304,0.0630049140276581,20.0098125863231,-11.1333224812771,3.96733168224148,0.417914833870832,106.755986779389,-6.10902694386736,"distance_center"
26.4045475774685,-1.2233007904137,0.242851121666654,23.7,26.1063028262403,-2.40630282624035,0,-0.34113349313256,1.29243356191084,0.107672407231944,0.0628285604787169,20.4301005139714,-11.3613210836692,3.86529819903989,0.430144697944617,106.851569222093,-6.29712130227405,"distance_center"
26.6677522378212,-1.23256473705467,0.232150803252239,23.7,32.4364788159877,-8.73647881598766,0,-1.24896756119189,1.29077651903502,0.107747604783308,0.0627804251180044,20.6602396654673,-11.4393701793509,3.69782145972856,0.428439959744823,106.794834765817,-6.2804331678698,"distance_center"
26.1537252112069,-1.20962972652516,0.242709799505272,20.98,27.2258608950333,-6.24586089503326,0,-0.887048782171251,1.29499506358122,0.107530330713048,0.06292811334189,20.1960037892967,-11.2491956316319,3.85693748971344,0.41760237676008,106.703060908058,-6.1133127383841,"distance_center"
26.5118184359515,-1.22708226782625,0.238709701787991,22.09,21.4828582808535,0.607141719146522,0,0.0865913714628245,1.29201355447161,0.107710872335234,0.0628116415281144,20.5197680350914,-11.3923714590959,3.80040540225565,0.429614376936953,106.828483855641,-6.29469773789168,"distance_center"
25.7505552279859,-1.19179669059459,0.257120917719273,25.08,23.6553161928127,1.42468380718733,0,0.201622926542384,1.29110233427573,0.107985034238974,0.0628153601724877,19.944627582469,-11.036683916376,4.09328095888064,0.420967993383678,106.82518793402,-6.13591463124575,"distance_center"
26.7313998849677,-1.23290919998564,0.229073214335861,22.91,27.5194440505296,-4.60944405052959,0,-0.657033159189586,1.29089055185027,0.107840693769148,0.0627951150882272,20.707719834693,-11.4326898028391,3.64794640497135,0.428445786383534,106.775451816646,-6.29220737353795,"distance_center"
26.5724520018231,-1.23444125831572,0.231317257178001,20.27,28.7496189607221,-8.47961896072211,0,-1.20258387730427,1.29344825370504,0.107332884354593,0.062899673084389,20.5438848641274,-11.5010536215307,3.67755897344102,0.42411332434933,106.752138905647,-6.20079250914132,"distance_center"
25.8236503313898,-1.19457910652415,0.25367034845667,44.74,30.4260313727319,14.3139686272681,0,2.0470247992124,1.2932106281057,0.107875191038306,0.0628980392527579,19.9686344746613,-11.0737148646158,4.03304063958635,0.41796507800012,106.783589206343,-6.10648388969595,"distance_center"
26.4196276133142,-1.22815900617058,0.235757026935364,20.23,27.262138715337,-7.032138715337,0,-0.996085904786385,1.2946603414388,0.107308837169819,0.062925076196926,20.4066091836513,-11.4450872692525,3.74663077399469,0.423159409567547,106.750003289843,-6.18389119753122,"distance_center"
26.3187189272918,-1.22413579973165,0.246150281776194,18.8,23.4044981173483,-4.60449811734835,0,-0.654477833768838,1.29429808593163,0.107859405893263,0.0629367022346346,20.3343566782359,-11.3493653112001,3.91107689212123,0.428505511011464,106.847981752089,-6.2523527695192,"distance_center"
26.1776151853084,-1.21088013396138,0.241969129515824,37.6,28.000387769375,9.59961223062498,0,1.36780554480415,1.29520477366498,0.107529025175485,0.0629354033937984,20.2111787398951,-11.2609607683623,3.84472199219537,0.418078404329394,106.702167530296,-6.11892360471615,"distance_center"
26.6436336310379,-1.23153507984035,0.233094620922087,10,12.1798452176182,-2.17984521761815,0,-0.314602768600168,1.29040051536197,0.107696584758709,0.0627585051818459,20.6475689631634,-11.4352287270721,3.71415189457882,0.428619450033496,106.798605131554,-6.28334311776095,"distance_center"
25.7476690389122,-1.19124506714284,0.260085962765856,25.16,24.8060397384705,0.353960261529533,0,0.0501282679447114,1.28900274987643,0.107739888029787,0.0627173044632283,19.9748751826793,-11.0566763055619,4.14695696812586,0.423649777283859,106.893730388795,-6.16239399796499,"distance_center"
26.7670087116734,-1.23980163695479,0.225066167580585,21.76,20.0013225714531,1.75867742854691,0,0.250759184051923,1.29673310899314,0.107910097452498,0.0630857162703299,20.6418796019304,-11.4892087601028,3.56762482676981,0.425013308692492,106.744515283514,-6.22066967960915,"distance_center"
25.6455394663056,-1.18362587612372,0.260744208538044,16.46,26.2842683928365,-9.82426839283652,0,-1.41050022568515,1.29190273119861,0.108161574409699,0.0628515689367699,19.8509832412166,-10.9431272851145,4.14857119637473,0.418726249854807,106.862559913452,-6.11055028452323,"distance_center"
25.89613288337,-1.20297808872689,0.256080972436658,26.14,20.6859361024036,5.45406389759637,0,0.772753792307948,1.29045047923297,0.107822404437831,0.0627920463287773,20.0675138644316,-11.157032668665,4.07823900332577,0.425215981585257,106.855429383185,-6.18831915005284,"distance_center"
25.7060076105949,-1.18975217626173,0.259384240304495,26.18,26.9955071708046,-0.815507170804594,0,-0.115652328221107,1.29377845945077,0.108322604544095,0.0629426440791853,19.8689407933934,-10.9834155231876,4.12096193445855,0.422084107415562,106.848194772182,-6.14656102937829,"distance_center"
26.7627071871393,-1.23940030638013,0.227529918014837,11.53,22.4407185918634,-10.9107185918634,0,-1.54452516395185,1.29019243118507,0.10765831419831,0.0628035262880121,20.7431903491769,-11.5123510488666,3.62288443759356,0.426530387307585,106.774974115905,-6.24285758274363,"distance_center"
26.181478349307,-1.21449701899881,0.250538614042977,42.38,31.9028028145804,10.4771971854196,0,1.50875095738477,1.29195289708867,0.107571454873279,0.0628252733491393,20.2650409378742,-11.2901421704253,3.98786349325784,0.430493952363008,106.898592959224,-6.28524068705292,"distance_center"
26.120839357343,-1.21676549009889,0.250168184689686,7.04,9.09185343633463,-2.05185343633463,0,-0.296972460345119,1.28891861550967,0.107546630675517,0.0627224920542332,20.2657010636891,-11.3138410981004,3.98849242905364,0.426160511596304,106.839149737797,-6.20909178704644,"distance_center"
26.4600608355491,-1.23068237031143,0.240637575350696,22.57,27.6115813268791,-5.04158132687905,0,-0.717779611576433,1.29120072888041,0.107649637531316,0.0628057031585585,20.4926006032327,-11.4322946043679,3.83146057203094,0.427624753476165,106.82402651956,-6.24452376340377,"distance_center"
26.7819741906686,-1.2390973210363,0.226796663879176,22.51,25.6474505466061,-3.13745054660613,0,-0.446453049859616,1.29091524229494,0.107766594023254,0.0628348411108869,20.7465008648103,-11.4979723750844,3.60940936381043,0.426705891676871,106.772069019041,-6.24801002742915,"distance_center"
25.6663751424318,-1.18581834924375,0.261282120858153,15.9,23.8994047755557,-7.99940477555571,0,-1.13560937001495,1.29184688450793,0.108118219469166,0.0628486423805394,19.8679699972403,-10.9677939117554,4.15732322865669,0.421229704770897,106.882185436899,-6.13549255141537,"distance_center"
25.6508693750061,-1.18444857577797,0.261592900842246,19.47,23.0060397694522,-3.53603976945224,0,-0.501183687622348,1.2918163830872,0.108124048846995,0.0628465742062605,19.8564360313385,-10.9545340598007,4.16240509759063,0.420322395424448,106.886545696671,-6.12678722209992,"distance_center"
25.8568501328714,-1.20003464920389,0.257404912052342,22.11,28.7974363608652,-6.68743636086518,0,-0.950435331191277,1.2904841229365,0.10782702305853,0.0627919558539623,20.0365503715258,-11.1292569818282,4.09932942128764,0.425233408665448,106.865832844141,-6.18618370616685,"distance_center"
26.3530168693437,-1.22070087715086,0.23679667529305,25.81,27.4851062366202,-1.67510623662021,0,-0.240142416535865,1.29602738004424,0.107506812965048,0.0629678353587707,20.3336883735004,-11.3546373804954,3.76059735806159,0.421405256297429,106.71507181207,-6.16165712056622,"distance_center"
26.7760065880888,-1.23871409709359,0.227301410778928,22.73,24.4584964790139,-1.72849647901389,0,-0.246135244257764,1.29113320287018,0.107803056054717,0.0628400906982818,20.7383765893138,-11.4905285845037,3.61714008132619,0.426932884533236,106.775570109855,-6.25178303353407,"distance_center"
25.7024034586398,-1.18864966259112,0.260489812847249,23.61,26.5059910813839,-2.89599108138388,0,-0.412109375229923,1.29129523612468,0.108042571973287,0.0628239964596255,19.9043586157536,-11.0016786983284,4.14634260038925,0.422441837922337,106.875644133496,-6.14860017356555,"distance_center"
26.0076298214744,-1.20724863558302,0.247987371515518,27.74,24.7689440287773,2.97105597122268,0,0.42627587203044,1.29741711149252,0.107822365658664,0.0630584686368311,20.0456966314833,-11.196643926408,3.93265768859274,0.420252630897961,106.761555447954,-6.13672285295739,"distance_center"
26.3036904133974,-1.21743118749425,0.238174891429545,11.16,16.731877655333,-5.57187765533297,0,-0.793893178281323,1.29518970791361,0.10747445195383,0.062930037254036,20.3087549666909,-11.3276333618081,3.7847568795817,0.420446001038471,106.705756535263,-6.14897254886528,"distance_center"
25.8262784089364,-1.19589325156962,0.25371507129963,9.89,20.5656217788294,-10.6756217788294,0,-1.51786117530191,1.29431985202768,0.107974151076395,0.0629505876736026,19.9535519512252,-11.075736550348,4.03038447575957,0.419149101842781,106.787494984405,-6.11916826110125,"distance_center"
25.7317016803049,-1.19017250722595,0.257492274828827,42.19,27.602958685488,14.587041314512,0,2.07166084543857,1.29158204656818,0.108033634651516,0.062837609668504,19.9226226074261,-11.0166848599058,4.09774140339221,0.420247873051741,106.824417340046,-6.12752725825065,"distance_center"
25.880089891046,-1.2000095314771,0.257759693884026,41.58,32.1285448148125,9.45145518518755,0,1.35499263797579,1.28852197118502,0.107530157242473,0.0626968459448275,20.0850978639074,-11.1597486905107,4.11120671223001,0.42656644193051,106.896006515057,-6.20147638120143,"distance_center"
26.3893733187827,-1.22387914421359,0.235946845010858,15.85,26.8628783678108,-11.0128783678108,0,-1.57632504179431,1.29659300673282,0.107508594931748,0.0629960574560705,20.3528579760576,-11.3840120875039,3.74542240481307,0.422183004631788,106.72776543453,-6.17182505103936,"distance_center"
26.8026594923578,-1.23366236037314,0.225048503119877,27.63,30.287517850754,-2.65751785075405,0,-0.379908389122075,1.29096230977171,0.107939139247284,0.0628202811541595,20.7617676282876,-11.4292403013042,3.58241795460313,0.427793151041715,106.738457803762,-6.2918262767467,"distance_center"
26.6448761962878,-1.23270876744903,0.228125280963595,21.64,26.2190889749178,-4.57908897491778,0,-0.653608593443995,1.29435317733318,0.107615488299721,0.0629386250375907,20.5854759449701,-11.4547523495484,3.62456728006601,0.424125317741037,106.72412717422,-6.20784424639345,"distance_center"
25.6426044990693,-1.18357079677265,0.261256139269584,20.01,27.1670245520721,-7.15702455207214,0,-1.01549878116247,1.29182576970413,0.108149626010728,0.0628471368116416,19.8498939256664,-10.9438269962695,4.15700941241908,0.419236945598165,106.874715724821,-6.11582551989364,"distance_center"
25.8410457491116,-1.19771563557845,0.258623932648687,9.79,14.830053284887,-5.04005328488696,0,-0.723598199204058,1.28908585479268,0.107620081158477,0.0627240315959642,20.0460238183805,-11.1291092023499,4.12320327740744,0.425981001231535,106.897251399173,-6.19268187080253,"distance_center"
26.8431879525371,-1.23576006562213,0.223026483332226,24.61,30.3707677485616,-5.76076774856157,0,-0.820635894490311,1.29300139807993,0.10810718156572,0.0629267191441249,20.7603704005259,-11.4308785755449,3.54422551128741,0.42704541962661,106.729547818381,-6.2733766142825,"distance_center"
26.0608509254259,-1.21131584555007,0.253470212735268,16.11,20.6182950326985,-4.50829503269848,0,-0.641311825616265,1.29063211408723,0.107602659207744,0.0627886796533223,20.1923155645765,-11.2573039966552,4.0368775730715,0.427904570940932,106.873442996215,-6.22917066584137,"distance_center"
26.5373872007269,-1.2280002410449,0.231299459771489,29.7,31.0954836223115,-1.39548362231148,0,-0.198696910595151,1.29307149794735,0.10741493740425,0.062859720496472,20.5227531832949,-11.4323042094545,3.6796132395223,0.423273778897628,106.717840865742,-6.1929328871969,"distance_center"
26.1457507426986,-1.21855057992016,0.248706324215902,37.73,27.3850722079379,10.3449277920621,0,1.46605083877255,1.28778336487455,0.107438301751063,0.062674145067226,20.3029107657759,-11.3418637493318,3.96824438449272,0.425685993567953,106.829764568058,-6.20408357964915,"distance_center"
25.9114535268417,-1.20077766254014,0.250825630081077,11.25,22.3154448671791,-11.0654448671791,0,-1.56693721144145,1.29647745102082,0.107931169880072,0.0630315863733816,19.9860425697643,-11.1254020861109,3.97936406986896,0.4190056754317,106.767489366774,-6.120070520571,"distance_center"
26.8079773484925,-1.23496455213332,0.225059165282618,29.45,30.7565773162543,-1.30657731625426,0,-0.187286149365261,1.29129838607697,0.107947555443138,0.0628392560024479,20.7604823467149,-11.4404124027046,3.58150588660455,0.427537017013368,106.747445358347,-6.27964350547592,"distance_center"
26.2533770521224,-1.21831927777005,0.248428555914269,17.77,26.1482343422212,-8.3782343422212,0,-1.19939131552902,1.2938200125554,0.107736871505892,0.062904176840821,20.2913672669739,-11.3082852763496,3.94931733297961,0.430250009745201,106.879353084925,-6.28395325086767,"distance_center"
25.8421779520971,-1.19546909127345,0.253068415775163,24.05,30.1515019736213,-6.10150197362131,0,-0.873784123152338,1.29282992704401,0.107805818906914,0.0628774166050484,19.9888457186197,-11.089096148935,4.02479028940964,0.417891405140043,106.779571119809,-6.10610591334493,"distance_center"
26.0999218395336,-1.21762332436212,0.247959084488304,14.16,18.0447631248075,-3.88476312480754,0,-0.552084816200835,1.29070595453642,0.107588700136318,0.0628094944497108,20.2214313398033,-11.3173904212929,3.9477962155361,0.424250495882442,106.811352578603,-6.18567746210602,"distance_center"
26.4446689432505,-1.23564497192175,0.236977824444687,28.99,19.0933479141507,9.89665208584928,0,1.40858683249008,1.29216908385103,0.107178806311995,0.0628755450397853,20.4653317230264,-11.5288181912086,3.76899833305201,0.424505778515015,106.785087287723,-6.19847792426311,"distance_center"
26.3026304547674,-1.22920503805018,0.241622459825666,26.58,30.1672695778925,-3.58726957789248,0,-0.509539906794615,1.29066810733102,0.107240232747612,0.0628080076215805,20.3790814271833,-11.4621630945458,3.84700086781046,0.424426944294172,106.796228020371,-6.19348211348968,"distance_center"
26.010977353107,-1.20723260490136,0.254999506303768,20.07,25.0035529804618,-4.9335529804618,0,-0.705284604064698,1.28940249672615,0.107467796945041,0.0627302581466102,20.1728920326662,-11.2334358684094,4.06501605186758,0.428548946493631,106.897992046478,-6.23552923100505,"distance_center"
26.6790510404413,-1.2387219888966,0.230457031385095,27.39,29.7173309354078,-2.3273309354078,0,-0.33034326351891,1.28737588039292,0.107279635067083,0.0626743617162896,20.7235908694349,-11.5466648271316,3.67705430217723,0.426081733981989,106.782368182829,-6.2302263466914,"distance_center"
25.6798816907355,-1.18574416725273,0.259383974027222,40.35,22.6803214227876,17.6696785772124,0,2.53038371859248,1.29060343082479,0.108007624159096,0.0627910522849556,19.8975774257196,-10.9783376542578,4.13090662742993,0.418933327594257,106.846173495041,-6.11233190863579,"distance_center"
25.6884700767643,-1.18816719218708,0.259772240932716,12.74,15.9523489177153,-3.21234891771529,0,-0.459882030157408,1.29352947385483,0.108308290493169,0.0629301683915199,19.8592073825812,-10.9702330890543,4.12794447516085,0.421559624245444,106.850100384953,-6.1400925738161,"distance_center"
26.0655837072557,-1.21092318959254,0.253521191150651,37.83,26.9966837061073,10.8333162938927,0,1.54466647498547,1.29053277851537,0.107561964743062,0.0627807173406633,20.1975371266753,-11.2579125203331,4.03820156713062,0.428415907280343,106.881573226093,-6.2367606835407,"distance_center"
26.4223379206083,-1.23396965202045,0.239824073530733,33.25,22.8489516908154,10.4010483091846,0,1.47219964037604,1.28887095093508,0.107335926066952,0.0627427923790832,20.5003750774574,-11.4963339604556,3.82233662922985,0.425683095277871,106.807956212383,-6.21225106492233,"distance_center"
26.8287276799724,-1.23560586598936,0.222568640868906,38.67,27.0009817347989,11.6690182652011,0,1.6578208974392,1.29417102800229,0.108097518268996,0.0629766262118793,20.7304344630445,-11.430473944042,3.5341467820155,0.426102103856283,106.713323822478,-6.25419492181504,"distance_center"
25.914464515962,-1.20292014215228,0.256565274916322,17.36,25.4214189674418,-8.06141896744179,0,-1.14380844957748,1.28896250842871,0.107592302086922,0.0627186965002827,20.1049016914795,-11.1803550887912,4.09073034410346,0.426325187733316,106.875725823075,-6.20091527471921,"distance_center"
26.1559549546611,-1.21488064979534,0.243436900666844,14.09,18.2371181215944,-4.1471181215944,0,-0.591368158964131,1.29706131706821,0.107596266705399,0.0630231634894346,20.1655500865466,-11.2911041153659,3.86265758791456,0.42113421179527,106.749697827963,-6.15121074148546,"distance_center"
26.5950119442767,-1.23925576700654,0.232097903445595,17.5,22.5118016401959,-5.01180164019585,0,-0.709301504087662,1.29104534474317,0.107191269038781,0.0628325079361698,20.5995955545367,-11.5611633122674,3.6939143616769,0.424884984887369,106.775764313111,-6.20859995614366,"distance_center"
25.9458589390014,-1.20535732163879,0.250345012381987,23.11,26.025692443292,-2.91569244329203,0,-0.412770571585105,1.29542419080569,0.107834570387556,0.0629878885340555,20.0288516480956,-11.1778376573185,3.97449443390429,0.421160713572481,106.781791035417,-6.14562360388035,"distance_center"
26.7109054939008,-1.23829134552421,0.229881527272619,18.08,26.6194205591136,-8.53942055911356,0,-1.21014205549414,1.28883634931983,0.107519630601788,0.0627336784150538,20.7248232159166,-11.5168861592389,3.66440376334534,0.426693423781332,106.784719372484,-6.24241407670485,"distance_center"
25.8881326197796,-1.20268284396696,0.255537316480515,33.51,26.2196133489253,7.29038665107466,0,1.04162390109279,1.29038221257685,0.107853708504778,0.0627892537765474,20.0623756027153,-11.1510569329535,4.06976195942563,0.424595736962626,106.845219117212,-6.18140741894824,"distance_center"
26.3214793082511,-1.22840679744394,0.243860473692195,26.94,25.7814594350554,1.15854056494465,0,0.164966332329165,1.28944779241553,0.107504939813346,0.0627568182940242,20.4129856695809,-11.4265149078428,3.88580046473478,0.426117642368142,106.821343009277,-6.21517386573952,"distance_center"
25.6710538293768,-1.18560376406685,0.261407006121392,20.38,14.0934807267075,6.28651927329252,0,0.901092657824293,1.29035417365298,0.107949646504725,0.0627779811742843,19.89457960732,-10.9829332698644,4.16399191614133,0.420789385501422,106.896968239792,-6.13222038271081,"distance_center"
26.775087981284,-1.23494883675207,0.223880362593983,7.61,17.0148719625981,-9.40487196259808,0,-1.35200570496925,1.29517136381937,0.107988991156207,0.0630053341801665,20.6730080121028,-11.4358771531231,3.5533556881674,0.425172840547194,106.710952327764,-6.23296055167082,"distance_center"
25.7639094637974,-1.19149445664851,0.25599559061969,42.96,28.6387222756355,14.3212777243645,0,2.03925931147848,1.29155835439476,0.107917828370838,0.0628321567639622,19.9479252146301,-11.0407564221379,4.07427667303182,0.419067509839578,106.807479120588,-6.11602887671745,"distance_center"
26.8462936442297,-1.23636900022257,0.222695559447124,23.46,29.2562315981007,-5.79623159810072,0,-0.824161412743242,1.29350758637088,0.108118232437706,0.0629522225267353,20.7546472298248,-11.4353423316916,3.53753291796087,0.426706227209894,106.728171404076,-6.26472260269875,"distance_center"
25.9575686587603,-1.20789246155333,0.251788478488156,25.52,29.6321995793452,-4.11219957934523,0,-0.585855949074155,1.2905328978315,0.107733372975678,0.0627947568563622,20.1138372391569,-11.2118689705002,4.00970544505971,0.423580082999673,106.816117670056,-6.17354714241609,"distance_center"
26.5996274666819,-1.23249596529489,0.235071632066878,42.77,29.0293722316132,13.7406277683868,0,1.96237037629727,1.28999911733937,0.107613031400133,0.0627457002557502,20.6198803620454,-11.4530363958632,3.74641817859599,0.42804472535948,106.807013943787,-6.26310742571623,"distance_center"
26.1295215846381,-1.21567086975159,0.251422858288815,37.24,27.1745223387404,10.0654776612596,0,1.42848246478722,1.29127256043004,0.107658969972423,0.0628171715662677,20.2354811721053,-11.2918679238988,4.00245429744606,0.427708216912346,106.859956404415,-6.23012260019013,"distance_center"
26.2279488033453,-1.22512834725612,0.244307498796824,42.9,29.5333280353833,13.3666719646167,0,1.9012362136003,1.28993392026227,0.107369427733924,0.0627786315337319,20.3327847972341,-11.4104021332046,3.89157095062759,0.424578646041605,106.805529546029,-6.19310882174855,"distance_center"
26.7663462577635,-1.2342096299414,0.227444099688491,19.9,27.8546804558137,-7.95468045581367,0,-1.12997412561064,1.29108672280911,0.107889182064814,0.0628152840977546,20.7316408610617,-11.4396050310211,3.62084010214039,0.428048916839488,106.766872562262,-6.28489932723922,"distance_center"
26.8261859588955,-1.23735929621403,0.224292826058202,34.9,30.9442227736623,3.95577722633771,0,0.564861732191442,1.29216805959344,0.107975026244709,0.0628904411504097,20.7606013472705,-11.4596804395281,3.56640567239431,0.426882696970748,106.750777712809,-6.26077738006131,"distance_center"
25.8539243709011,-1.20069802211592,0.25401575986383,16.37,27.9241718461739,-11.5541718461739,0,-1.63744311006396,1.29314908848721,0.108015965756061,0.0629106396361023,19.9929958587732,-11.1159309988259,4.0377233697376,0.422307188433804,106.811344316957,-6.1558373807379,"distance_center"
26.7742070164245,-1.23453477251414,0.227056293606372,2.93,3.37564668701202,-0.445646687012023,0,-0.0666249970644863,1.29111005926283,0.107896739999113,0.062819359149813,20.7373545146968,-11.4418171719025,3.61443186748982,0.427933873225153,106.764798012221,-6.28261499700993,"distance_center"
25.7787137374747,-1.19427306098175,0.259183631266391,16.56,24.5015227026217,-7.94152270262171,0,-1.12984658724391,1.29037398359301,0.107872813086825,0.0627838236075158,19.9777072889323,-11.0711218777664,4.12819125013222,0.424291587911986,106.875288815175,-6.17141488727715,"distance_center"
26.2273789273004,-1.21393048032404,0.240489565969439,9.98,16.2576953570675,-6.27769535706748,0,-0.897579501355725,1.29608355021317,0.107554212342108,0.0629707844285843,20.2358705370396,-11.2866846764009,3.81906574853264,0.419357675764484,106.706845622164,-6.13386909868695,"distance_center"
25.9768584090982,-1.2022529207304,0.248497265211912,17.99,20.0622197941988,-2.07221979419882,0,-0.294172938201212,1.29522279153256,0.107721982137124,0.0629611404542694,20.0558997100115,-11.1607018073618,3.94683551503332,0.417415238197766,106.743902105016,-6.10509054696023,"distance_center"
26.7939050646793,-1.23426795936952,0.223363547615355,26.52,17.770521097838,8.74947890216204,0,1.24490921842212,1.29373534329425,0.107985016753978,0.0629469343808685,20.7104994105315,-11.429992757065,3.54844202997822,0.425672105920102,106.704493861664,-6.24626452812301,"distance_center"
25.6434270806165,-1.18308897941916,0.260797968282593,20.78,22.1108911201311,-1.33089112013109,0,-0.189185424578734,1.29118917736325,0.108088677636577,0.0628175720756396,19.8603175508203,-10.9455403219661,4.15167220994409,0.41785951982691,106.86698604736,-6.10311956385929,"distance_center"
25.9520781044261,-1.20770048745825,0.251564328148852,31.87,27.2359041275207,4.63409587247926,0,0.658979671017444,1.29159792596341,0.107780958164288,0.0628410132310307,20.0930007572351,-11.2051377908274,4.0031870145695,0.423241432775014,106.810835600503,-6.16971592232963,"distance_center"
25.6564411125641,-1.18470317243117,0.26122605109884,25.96,24.8897884888905,1.07021151110946,0,0.154012270874939,1.29134236783746,0.108085699666453,0.062824339092682,19.8680394538045,-10.9607762737079,4.15803898411831,0.420205055905129,106.88000372837,-6.1252219844875,"distance_center"
26.4567680065062,-1.2348315180668,0.236054865846251,20.21,25.659155261622,-5.44915526162196,0,-0.771595347618574,1.29276946925652,0.107157683387223,0.0628860933781872,20.4651862808315,-11.5234995665652,3.7536894592363,0.424238159425194,106.77662770565,-6.19621645894343,"distance_center"
26.3773041002351,-1.22327106159948,0.244072294279361,10.46,8.6440506997812,1.8159493002188,0,0.265068291254962,1.29366382674956,0.107765701039201,0.0628878287392297,20.3896124749118,-11.3512096131078,3.88107363813481,0.429894460911229,106.854197185107,-6.28635005892918,"distance_center"
25.7050275395341,-1.18736838924561,0.258316951050683,21.15,28.8129004866846,-7.66290048668458,0,-1.08869015974558,1.29038385918367,0.107947343837594,0.0627807508751619,19.9204503036762,-10.9995146432875,4.11458842797756,0.418921462347107,106.832734233073,-6.11263405213505,"distance_center"
26.5439021108742,-1.22812107056476,0.237221601809834,32.31,25.7394705274109,6.57052947258908,0,0.944497787192664,1.29056534336188,0.107622836537913,0.0627511383433381,20.5676545146705,-11.4113427045023,3.78035535406376,0.429263950274409,106.81901558614,-6.28971483730315,"distance_center"
26.1632411097808,-1.21940155186424,0.249168039420963,27.55,18.4204265298749,9.1295734701251,0,1.30199021451746,1.28997934502914,0.107620301429939,0.0627720519806173,20.2819070015341,-11.3305903780438,3.96941045511624,0.426348333534107,106.837680479286,-6.21303453227925,"distance_center"
26.3874865442905,-1.22763120629177,0.236878907337805,22.37,21.6682929885725,0.701707011427455,0,0.099715946187186,1.29507272151921,0.10731231482073,0.06294332959247,20.3752932988474,-11.439798017055,3.76336791954747,0.423107602720036,106.754429027446,-6.18195386662618,"distance_center"
26.5139434649559,-1.22977262340522,0.232484502867546,42.51,32.3596229871246,10.1503770128754,0,1.4511962706404,1.29399582901952,0.10737534955494,0.0629016023635977,20.4899759878252,-11.4530255640843,3.69600287006503,0.423425454337576,106.737026585768,-6.19161981052433,"distance_center"
25.7023520324926,-1.18836718563543,0.258795229893173,21.33,24.2354902261396,-2.90549022613959,0,-0.412792487869616,1.29188331803695,0.108123963831207,0.0628524703675364,19.895258088438,-10.9907844988979,4.11750291404364,0.42060094987301,106.838455312904,-6.13016086968694,"distance_center"
26.4766366882131,-1.22834681354883,0.233568341202293,19.71,24.2618818561088,-4.55188185610878,0,-0.64736626380438,1.29476537617636,0.107397566219902,0.0629288113816944,20.4489841753436,-11.4373803502561,3.71162804562739,0.423126664131982,106.736115069025,-6.18641095388947,"distance_center"
25.6436008129612,-1.18302477654882,0.261280839923923,26.87,31.0641120824638,-4.19411208246379,0,-0.598636096625246,1.29039734825424,0.108000920855391,0.0627792312446263,19.8726391120177,-10.9538397189487,4.16189932154175,0.417969758020074,106.884879239075,-6.10578835096693,"distance_center"
26.4739204949385,-1.22466622372235,0.233034681881495,41.8,28.6283399896594,13.1716600103406,0,1.87605230369965,1.29347535137366,0.107412015080823,0.0628665241005985,20.4672786897897,-11.4015757250325,3.70681670754685,0.422475627672116,106.707401526943,-6.18074602430359,"distance_center"
26.0806608374157,-1.21338214431109,0.246163017783801,23.93,26.3239286335809,-2.39392863358093,0,-0.342803602753429,1.2974313932811,0.107704813885483,0.0630559257457705,20.1017648967626,-11.2658116247359,3.90388397081479,0.421626812290323,106.767974992754,-6.15504664569425,"distance_center"
25.8485283313575,-1.19766262245277,0.253059994544625,15.78,20.4114939172982,-4.63149391729815,0,-0.656352985230105,1.29465990797257,0.107957209308534,0.0629633672875591,19.9654968630612,-11.0938642275379,4.0191623390928,0.419590753587016,106.785363411331,-6.12466692442751,"distance_center"
26.7812126794456,-1.23902389666449,0.224315316626123,30.34,29.6103314257801,0.729668574219946,0,0.104349331506877,1.29724000822674,0.108010210934352,0.0631067289674161,20.6447631198595,-11.4713589201077,3.5545387995303,0.425036862652139,106.737094581915,-6.22320722201605,"distance_center"
25.7269183590536,-1.18968130443711,0.257633505011341,2,-8.00207698644288,10.0020769864429,0,1.59648336705176,1.29139378143996,0.108020874301999,0.062828686195136,19.9218230169631,-11.0134389498743,4.10057126152809,0.420058265445626,106.825501092644,-6.12526457716273,"distance_center"
26.4298806465295,-1.22400000734096,0.241841194947075,15.39,28.6026930726392,-13.2126930726392,0,-1.88389820016159,1.29207796063659,0.107657751954487,0.062811687761605,20.4553296718317,-11.3693624947548,3.85025786705426,0.430103140304492,106.846454361437,-6.2993307275914,"distance_center"
26.8192253345531,-1.23368395760262,0.223265273200979,16.49,19.9196066235779,-3.4296066235779,0,-0.488333094368473,1.29175039480533,0.107987863840296,0.0628641252688404,20.7619254016909,-11.4242833752794,3.55155300811358,0.42692599400582,106.709020135444,-6.27810648026418,"distance_center"
26.39910570447,-1.2275932886351,0.236432517398044,32.09,32.3878812878505,-0.297881287850473,0,-0.0426141435639434,1.29481672212433,0.107308095372306,0.0629310352716302,20.3882953111375,-11.4398944867669,3.7570098184072,0.423091652676002,106.75179653032,-6.18228915420535,"distance_center"
26.2055532399284,-1.2183621882307,0.249901870399769,17.26,17.7760704526794,-0.516070452679429,0,-0.0734878969887316,1.29411327802315,0.107816816753451,0.0629325691708936,20.2498140502502,-11.3002982736616,3.97094658127113,0.428966407754784,106.867565147057,-6.253886160839,"distance_center"
26.12352701301,-1.20821889398636,0.243673888509019,33.25,26.1565973241083,7.09340267589167,0,1.02326500510182,1.29482638803354,0.107539189372763,0.0629234808421688,20.1753125009167,-11.2351497257275,3.87254305146002,0.417238344091402,106.707346387485,-6.10854594740333,"distance_center"
26.6005133917488,-1.23470843110896,0.234950488237933,23.72,21.2537429089491,2.46625709105088,0,0.34948437530542,1.28931155395618,0.107537620675931,0.0627301287380665,20.6315636512576,-11.4816417115068,3.74541696254098,0.427358584136113,106.805006300172,-6.24795332640969,"distance_center"
26.1093145830627,-1.21853355338239,0.24645215726603,26.32,29.3609400578709,-3.04094005787089,0,-0.434347373440793,1.29463197353596,0.107615048802252,0.0629661486210119,20.1673642523687,-11.3230776452233,3.91404211093497,0.423297930969823,106.792676149643,-6.17541252341298,"distance_center"
26.6534468477133,-1.2310967201669,0.232582322180469,24.83,18.851425633604,5.978574366396,0,0.855638323247041,1.29041315792923,0.107712966964614,0.0627580078478209,20.6549713817899,-11.4294198262252,3.70601824622043,0.428806477836202,106.795335365666,-6.29112466729335,"distance_center"
26.2856191394252,-1.22332911698966,0.247004407092139,26,28.8347912168943,-2.83479121689429,0,-0.403711853409927,1.29334434304221,0.107798757920025,0.0629007421982206,20.3237593150143,-11.3482672768571,3.92689177360973,0.428099384486858,106.847042530905,-6.24372180788449,"distance_center"
25.9175363825192,-1.20537026928604,0.252626987852602,21.59,19.5971871668314,1.99281283316857,0,0.284414471487731,1.29193113206585,0.107875312769649,0.0628575743444059,20.0610820029363,-11.1737360322646,4.01903812686791,0.423157695816735,106.814263788384,-6.16757759797869,"distance_center"
26.160991773111,-1.2157947404961,0.251059676585835,14.88,19.672022587319,-4.79202258731897,0,-0.682542488051909,1.2924160949124,0.10767850373603,0.0628579427900906,20.2419266334532,-11.2909698622538,3.99408038892126,0.428947449435245,106.87363216081,-6.25094289354893,"distance_center"
26.0910143172275,-1.2088059286142,0.244918443797355,34.72,20.399518004147,14.320481995853,0,2.03578187854225,1.29733949368962,0.107717931814103,0.0630383984821542,20.1111693925427,-11.2219563470669,3.88522630165945,0.418891257502152,106.731721021059,-6.12382584816021,"distance_center"
26.059315957765,-1.21190486936539,0.246720772688778,44.3,32.0777816526112,12.2222183473888,0,1.74377843098825,1.29786118876564,0.107766881503763,0.0630759570590861,20.0786618656417,-11.2456150948664,3.9114867881856,0.421361064188411,106.767023770852,-6.15129834874168,"distance_center"
26.7624921665798,-1.23630231426151,0.224474204961118,29.04,26.9456169390943,2.09438306090571,0,0.297242336202586,1.2961666330258,0.107966836888964,0.0630480698872516,20.6474163774027,-11.4507597877758,3.56036600902365,0.424934011459708,106.723168771356,-6.22466092760264,"distance_center"
25.752530954747,-1.1902337726789,0.256280167108154,21.74,18.0261186302267,3.71388136977329,0,0.530522159732859,1.29125927636035,0.107900211867916,0.0628183291255308,19.9437335523624,-11.0308752139977,4.07970365776565,0.418259697775363,106.808253315735,-6.1074015992282,"distance_center"
26.659718946069,-1.2315302207109,0.232365988755979,29.99,18.679892603122,11.310107396878,0,1.61369849495938,1.29055652495297,0.107728840212039,0.0627662515626041,20.6575368305084,-11.4317597617029,3.70208484609302,0.428707244411653,106.794714777687,-6.28841590788824,"distance_center"
26.0807440355056,-1.21631672733015,0.247041188291862,20.37,21.7876443915109,-1.4176443915109,0,-0.202818216195332,1.29511995184271,0.107647498791339,0.0629808923143754,20.1377053904525,-11.2990709583306,3.92247837738995,0.422935097211736,106.789191661402,-6.17048527131962,"distance_center"
26.7667535386866,-1.23249136092825,0.226817385829406,36.66,24.6552886825154,12.0047113174846,0,1.72380529722237,1.29001878121364,0.107829010122694,0.0627664168069918,20.7491192597248,-11.4300535591104,3.6136742762754,0.428224065595106,106.750501749938,-6.29979410403087,"distance_center"
25.8933778021347,-1.20190756859945,0.2568280292922,23.37,29.3989092332616,-6.02890923326164,0,-0.860857137025957,1.28930796282537,0.107663221199425,0.0627358934092675,20.0831597637792,-11.1635854399447,4.09379727194992,0.425856462280635,106.870841954892,-6.19459518075763,"distance_center"
25.9535292237696,-1.20461257638268,0.256120476463646,30.13,30.828063602279,-0.698063602279039,0,-0.0994094627813615,1.28896043113438,0.107508801393078,0.0627153992327712,20.1352412353951,-11.2047810111689,4.08385308228753,0.427399720011588,106.888723184034,-6.21605453661478,"distance_center"
26.103504436689,-1.21425271137374,0.245388892822464,12.31,20.966488039275,-8.65648803927504,0,-1.22601519620483,1.29763852518232,0.107682714644471,0.0630603993955025,20.1161601864598,-11.2762082139437,3.89133109169564,0.421580476282968,106.764148548088,-6.15511546547718,"distance_center"
26.5968644042888,-1.23194439713127,0.235263525192951,38.06,31.4087770495388,6.65122295046117,0,0.949253204348054,1.29061237020695,0.107663977619822,0.0627689778405939,20.6079416393815,-11.4424938068093,3.74808596995826,0.428280039021833,106.808646561158,-6.26815085234415,"distance_center"
26.6029149369638,-1.22929100154889,0.234682059779542,44.01,27.4944342774252,16.5155657225748,0,2.36526936324532,1.29028043899039,0.107653935347009,0.0627429122734213,20.6179324533353,-11.4189137404631,3.74037562612401,0.429190380378066,106.806070878746,-6.29642762150434,"distance_center"
26.3344738121871,-1.22100960186685,0.237543080105933,12.47,15.4262865664165,-2.95628656641653,0,-0.422560922253298,1.29665304561606,0.107520581898609,0.0629954279783907,20.3095761824823,-11.3560546297848,3.77079873459098,0.421600281582258,106.725037158441,-6.16288694255421,"distance_center"
26.5276218643492,-1.23307463479216,0.238119054621414,38.24,28.9016762660332,9.33832373396682,0,1.32547202177079,1.29104152560605,0.107654786641834,0.0628020259726986,20.5474582638978,-11.4539694263162,3.79158237227776,0.427530070506485,106.816394280383,-6.24620131911298,"distance_center"
26.1393139898678,-1.22016266539497,0.245858824257033,26.68,27.4977971303939,-0.817797130393885,0,-0.115944211444417,1.29270162464859,0.107487455367492,0.06288504921452,20.2206862677794,-11.3516750510402,3.90965463696042,0.423633247554758,106.795987766943,-6.17999589037614,"distance_center"
26.3669914943586,-1.22430445367971,0.244569577561242,22.86,14.4012052328214,8.45879476717864,0,1.22737632667696,1.29436307097726,0.107838889480256,0.0629261893287321,20.3706302239071,-11.3530884783812,3.88661033140888,0.429285346674059,106.84983232782,-6.27081558519297,"distance_center"
26.7616370758312,-1.23362919506312,0.224169667918374,25.44,29.3931506696923,-3.95315066969232,0,-0.562235475950951,1.29433805524841,0.107934002749099,0.0629639125756302,20.6759254024213,-11.4294769362977,3.56028808802357,0.425147516976232,106.701954169484,-6.2347077383512,"distance_center"
26.7252672626184,-1.23431475027364,0.225443964043354,43.34,28.8218705435843,14.5181294564157,0,2.0679817054159,1.29536108965957,0.107861771007026,0.063000559914462,20.6315192543277,-11.4434867771014,3.57844381620491,0.424656498580255,106.715715699431,-6.22061534475968,"distance_center"
26.4091913056602,-1.22372847945348,0.235209383783479,19.88,26.2912732502365,-6.41127325023649,0,-0.908701266292612,1.29559480607987,0.107473064377137,0.0629530945890143,20.3838354258054,-11.3863737536994,3.73626404419084,0.422157202525134,106.720913568067,-6.17271395009127,"distance_center"
25.8777638058106,-1.20266897628733,0.253257894395772,26.94,32.8301647816051,-5.89016478160515,0,-0.842645288520318,1.29384194596636,0.108023939368634,0.0629418106893628,20.0007148373001,-11.1333560256786,4.02368301168961,0.422424938191102,106.80825926706,-6.15818789610982,"distance_center"
25.9957669572754,-1.20848257638032,0.254483275518868,25.17,24.651963763563,0.518036236437027,0,0.0735675321823441,1.28977885693937,0.107629680757696,0.062757228090067,20.1552125136886,-11.2281534969982,4.05504327172707,0.426653817004243,106.863459553992,-6.20953634309634,"distance_center"
26.8170546177379,-1.23531729211068,0.222858099340879,25.11,27.2115418069254,-2.10154180692541,0,-0.298347478575372,1.29399671019283,0.108051875000549,0.0629657593401528,20.7242061795826,-11.432631706802,3.53935379603632,0.425940618965158,106.712070416798,-6.25057935319797,"distance_center"
26.6895939712351,-1.23200499096112,0.230987760734433,34.34,23.387840272514,10.952159727486,0,1.55418234757369,1.29056722853328,0.107764745370529,0.0627716683055642,20.6805142584998,-11.4323565348305,3.67980917139265,0.428636289496659,106.786731066791,-6.29126766845853,"distance_center"
25.7673080436316,-1.19270511724138,0.259829133744813,16.02,20.3746370476417,-4.35463704764173,0,-0.61920580722037,1.28906641505692,0.107717027231852,0.0627212713952132,19.9891237120578,-11.0725773621117,4.14259991809801,0.424271350229567,106.894958632429,-6.16993486273061,"distance_center"
25.723097991395,-1.19017417450426,0.260051072649444,13.59,19.9840354949816,-6.39403549498161,0,-0.913314699890615,1.29084628202887,0.107983683586761,0.0628035938868215,19.9273130732228,-11.0217963952674,4.14070368517578,0.422943649755093,106.873654501082,-6.15456618604674,"distance_center"
26.2399766613606,-1.22578053038566,0.243617965749706,20.83,25.6700106452995,-4.84001064529946,0,-0.685963650636855,1.29018514429108,0.107307682069443,0.0627858507532075,20.3381481932803,-11.4230454590605,3.88014119148112,0.424391513379146,106.800968976379,-6.19133989532734,"distance_center"
25.7844500579049,-1.19532223819879,0.258415662772112,25.05,21.2134700821908,3.83652991780917,0,0.548387835600642,1.29162808350379,0.108032660253143,0.0628437852658125,19.9627511876017,-11.0644525035105,4.11203210753589,0.423934262122027,106.858591218921,-6.16899813223358,"distance_center"
25.8369451782925,-1.19778180914573,0.2536362329609,26.54,26.8953128393154,-0.355312839315367,0,-0.0504394175685313,1.29449452791895,0.108002988715637,0.0629609499334732,19.9590995721152,-11.0902654027416,4.02846896733453,0.420340668615831,106.793162561404,-6.13280038724376,"distance_center"
26.5164957211008,-1.23749607951176,0.236842930986182,10.87,20.4208851969173,-9.55088519691734,0,-1.35346818036089,1.28897341185532,0.107326978948021,0.0627517521911931,20.5717941714046,-11.5301491912027,3.77428394771456,0.425840604242067,106.802523041041,-6.21739376507046,"distance_center"
26.0372438710903,-1.21314304038125,0.250087948690182,37.3,23.7330255181595,13.5669744818405,0,1.93431777837425,1.28965055280802,0.107616614848575,0.062759485486813,20.189379064273,-11.2728229008898,3.98486295338942,0.424289681861207,106.818583679966,-6.1841170201313,"distance_center"
26.4853472407149,-1.22452865549257,0.232619927586168,28.62,30.5851654824452,-1.96516548244521,0,-0.279663811243811,1.29281798921891,0.107393206238972,0.0628391505241327,20.4865243689228,-11.4022916195252,3.70183119354601,0.422502161264701,106.701806080826,-6.18231747333188,"distance_center"
26.833313137605,-1.2350820345037,0.222706684565317,7.52,8.49075609551365,-0.970756095513646,0,-0.141713180393946,1.29311527435866,0.108074267194422,0.0629301373205174,20.7509057155894,-11.4280861352669,3.53895119330539,0.426576544868792,106.714699349466,-6.26604841898249,"distance_center"
26.4089427985082,-1.22643316668511,0.243063117663491,42.04,30.0160276719496,12.0239723280504,0,1.71353476861608,1.2943041707568,0.107858148240202,0.0629250179071926,20.4039694804247,-11.37079754006,3.86274212940204,0.428945013915268,106.841355443377,-6.26659161841981,"distance_center"
25.8242835503288,-1.19687200401616,0.254028233389497,27.39,31.3466332527313,-3.9566332527313,0,-0.563444206774655,1.29438191429035,0.108022474097007,0.0629574529216041,19.9510540631179,-11.0798425422226,4.03491916526258,0.420231517373682,106.79492617515,-6.13116591020616,"distance_center"
26.4209738582119,-1.22292372838842,0.2346808617912,17.34,18.3489057240381,-1.00890572403805,0,-0.143388456392121,1.29434843076771,0.107428400974381,0.0628989672017209,20.4125668407084,-11.3836165976264,3.73107655390531,0.421992676664935,106.710339367448,-6.17199940663262,"distance_center"
25.8721096348218,-1.20195206541191,0.253892498030559,18.8,25.8167163138025,-7.01671631380246,0,-1.00244821886606,1.29185172008612,0.10792950204823,0.0628531420969252,20.0271511293085,-11.1364552101315,4.03945593744595,0.422847986363264,106.816934140089,-6.16235842682668,"distance_center"
26.5770286433548,-1.23721535868567,0.235551172934041,32.81,27.5283700064173,5.28162999358272,0,0.74861306381538,1.28917465202452,0.107462505501973,0.0627462375619969,20.6155377020626,-11.5129956528229,3.75402864118033,0.426580246719727,106.804346009327,-6.23146930237582,"distance_center"
25.7149564843789,-1.18927748711312,0.26061365587329,27.42,26.4055560768476,1.01444392315245,0,0.145185948550707,1.29040383246643,0.107917753476183,0.0627824084904962,19.9278364163164,-11.0202209442359,4.15106177254638,0.422879994615312,106.887963958385,-6.15342021633173,"distance_center"
25.9770829781259,-1.20542910838402,0.255661414061239,27.9,30.4622884318291,-2.56228843182909,0,-0.365001481832987,1.28857064182291,0.107434530953479,0.0626943638939172,20.1596110721386,-11.2201272503902,4.07790107726164,0.427982504187939,106.89572625748,-6.22514064657204,"distance_center"
26.146044832244,-1.20946118585901,0.242965651765858,18.47,26.7260556247482,-8.25605562474817,0,-1.17735548364063,1.29531017998452,0.107554563287088,0.0629426361395542,20.185161234938,-11.2450941075431,3.86011242406757,0.417693510276807,106.706077411939,-6.1138102608986,"distance_center"
26.7839708911849,-1.2364957995988,0.22686209795751,40.51,27.5398892888194,12.9701107111806,0,1.84972583823926,1.29149237609983,0.107904251373379,0.0628452413984749,20.7387758432378,-11.4591944604683,3.60985323485472,0.427493286083429,106.769714733448,-6.26814251095144,"distance_center"
25.8845148078999,-1.20206852042174,0.256342638779104,6.78,6.59954788086008,0.180452119139919,0,0.0263110630284773,1.2901489980383,0.107802317064061,0.0627772579763148,20.063198008337,-11.1506742448534,4.08336787942888,0.425120831379596,106.856477096812,-6.18659674780267,"distance_center"
25.6865526197511,-1.18800985782268,0.259919756818551,14.49,16.6261852892425,-2.13618528924253,0,-0.303918440056385,1.29346338748046,0.10830211206895,0.0629268643978059,19.8587396198248,-10.9694061835687,4.13050545750081,0.421607464157783,106.852457026955,-6.14043727022827,"distance_center"
26.7616131658279,-1.23355313536846,0.224160678487531,28.1,17.4617201125593,10.6382798874407,0,1.52461556215471,1.29429588865894,0.107933692512281,0.062961974164898,20.6765805256143,-11.4288050992799,3.56025492308185,0.425154861771413,106.7011517321,-6.23508283401995,"distance_center"
26.6731060016984,-1.23107727101686,0.231614005284756,22.01,24.501678490396,-2.49167849039602,0,-0.353366934264516,1.29030246046388,0.107730149704109,0.0627552334837796,20.6719794923968,-11.427416321226,3.69075202858773,0.428855807177792,106.78888389055,-6.29706658859075,"distance_center"
25.9019515930883,-1.20075178902143,0.251334357324029,30.92,24.1404821815038,6.77951781849617,0,0.959840807424914,1.29495607108805,0.107856852369831,0.0629669127925434,20.002185534622,-11.132828027506,3.99153057022342,0.419699653737032,106.775957156036,-6.12733327008563,"distance_center"
26.6211624972793,-1.23599617096151,0.229704482402781,12.97,17.1354589855669,-4.16545898556686,0,-0.595772169488928,1.29473668375935,0.107482158048628,0.0629640844289508,20.5610629799899,-11.4995473983906,3.64818268201742,0.424275497913506,106.74921393176,-6.20466090499177,"distance_center"
26.0159691804836,-1.20958073669203,0.25412094523444,14.82,23.306143709133,-8.48614370913296,0,-1.2033744036032,1.29002495185293,0.10762771516493,0.0627673935957345,20.1670278881936,-11.2385618782156,4.04861394868734,0.426917718371064,106.864478683763,-6.21382758169239,"distance_center"
26.8539829945443,-1.23718424519169,0.222916884922337,12.25,12.2496393323669,0.000360667633092504,0,5.20594978540326e-05,1.29378169309528,0.108159726113348,0.0629664141868413,20.7561933654341,-11.4384927703604,3.54025058916126,0.42693512411281,106.738911664637,-6.26673367845137,"distance_center"
26.1124190440825,-1.21821945704648,0.247270540116927,22.56,26.7364718923973,-4.17647189239728,0,-0.591604195767303,1.29036412009778,0.107484596906173,0.0627893879327679,20.236473284846,-11.3338979920063,3.93809444968142,0.424048444214781,106.806452042668,-6.18381358934744,"distance_center"
