id,OBJECTID,Shape_Leng,Shape_Area,A1C_BPS,A1N_BPS,A2C_BPS,A2N_BPS,A1C_SIAK,A1N_SIAK,A2C_SIAK,A2N_SIAK,YEAR,Type,Hectares,A2TEXT,SquareKM,latitude,longitude
,1,0.178785948581,0.0013982123239,11,Aceh,1101,Simeulue,11,Aceh,1109,Simeulue,2017,Kabupaten,184128.28429,1101,1853.66626,2.61330075393744,96.08567649916559
,2,0.323871308129,0.000451444953495,11,Aceh,1102,Aceh Singkil,11,Aceh,1110,Aceh Singkil,2017,Kabupaten,189033.63364,1102,1903.05477,2.349932873671207,97.84708811266563
,3,0.586952082636,0.0112923138747,11,Aceh,1103,Aceh Selatan,11,Aceh,1101,Aceh Selatan,2017,Kabupaten,422908.53186,1103,4257.49947,3.162864197205998,97.43535097868705
,4,0.04737248781,8.39232022851e-05,11,Aceh,1104,Aceh Tenggara,11,Aceh,1102,Aceh Tenggara,2017,Kabupaten,416109.03779,1104,4189.03678,3.369588141375133,97.69553624399177
,5,0.396782424797,0.00411496748175,11,Aceh,1105,Aceh Timur,11,Aceh,1103,Aceh Timur,2017,Kabupaten,547603.9526,1105,5512.70431,4.628775218253062,97.62863899191314
,6,0.469929472247,0.00806108017726,11,Aceh,1106,Aceh Tengah,11,Aceh,1104,Aceh Tengah,2017,Kabupaten,473541.55451,1106,4767.13045,4.529983163965492,96.85903292978816
,7,0.0323595728319,3.930769233e-05,11,Aceh,1107,Aceh Barat,11,Aceh,1105,Aceh Barat,2017,Kabupaten,282705.70724,1107,2845.99483,4.456642791653158,96.18545294650336
,8,0.0979731426809,0.000370807604765,11,Aceh,1108,Aceh Besar,11,Aceh,1106,Aceh Besar,2017,Kabupaten,292286.97727,1108,2942.39515,5.37993835388722,95.51560772870164
,9,0.0350841278621,7.59353863498e-05,11,Aceh,1109,Pidie,11,Aceh,1107,Pidie,2017,Kabupaten,299911.79648,1109,3019.17248,5.06823430261328,96.00719580581877
,10,0.053458004538,0.00014940273605,11,Aceh,1110,Bireuen,11,Aceh,1111,Bireuen,2017,Kabupaten,180525.4741,1110,1817.32532,5.093660197110013,96.60626620483842
,11,0.370565131927,0.00731839260094,11,Aceh,1111,Aceh Utara,11,Aceh,1108,Aceh Utara,2017,Kabupaten,273106.57446,1111,2749.33104,5.014810884562706,97.18200393770853
,12,0.0189759385658,1.1928305305e-05,11,Aceh,1112,Aceh Barat Daya,11,Aceh,1112,Aceh Barat Daya,2017,Kabupaten,190156.46783,1112,1914.3232,3.824899346498327,96.87832041328231
,13,0.649383098866,0.00497393700194,11,Aceh,1113,Gayo Lues,11,Aceh,1113,Gayo Lues,2017,Kabupaten,547715.55082,1113,5513.89054,3.981926876475737,97.35753019373718
,14,0.763784696116,0.0255382783082,11,Aceh,1114,Aceh Tamiang,11,Aceh,1116,Aceh Tamiang,2017,Kabupaten,215470.93361,1114,2169.15198,4.2277264896274405,97.9768813223268
,15,0.440656162651,0.00978442836547,11,Aceh,1115,Nagan Raya,11,Aceh,1115,Nagan Raya,2017,Kabupaten,344191.03629,1115,3464.98505,4.1554101886194985,96.50678160781855
,16,0.164817111069,0.00103050384511,11,Aceh,1116,Aceh Jaya,11,Aceh,1114,Aceh Jaya,2017,Kabupaten,390574.20338,1116,3931.87766,4.832183582492392,95.67870633494321
,17,0.0801783541198,0.000173052763235,11,Aceh,1117,Bener Meriah,11,Aceh,1117,Bener Meriah,2017,Kabupaten,194507.95507,1117,1958.09783,4.7673142812389795,97.00711786140103
,18,0.0500258084861,7.66467296951e-05,11,Aceh,1118,Pidie Jaya,11,Aceh,1118,Pidie Jaya,2017,Kabupaten,95005.65299,1118,956.40833,5.1247142162773915,96.21353375772543
,19,0.0395547170694,5.25580323199e-05,11,Aceh,1171,Kota Banda Aceh,11,Aceh,1171,Kota Banda Aceh,2017,Kota,5584.86697,1171,56.22153,5.5582585458478375,95.32792893073973
,20,0.201652021201,0.00183532878172,11,Aceh,1172,Kota Sabang,11,Aceh,1172,Kota Sabang,2017,Kota,12417.51364,1172,125.00336,5.837818274585294,95.30560099195452
,21,0.047920649855,5.79627064852e-05,11,Aceh,1173,Kota Langsa,11,Aceh,1174,Kota Langsa,2017,Kota,21375.99786,1173,215.19181,4.4836496210620185,97.98270912032424
,22,0.13028413011,0.000897367693351,11,Aceh,1174,Kota Lhokseumawe,11,Aceh,1173,Kota Lhokseumawe,2017,Kota,13926.10693,1174,140.19201,5.16438222124501,97.11032437882827
,23,0.143929570032,0.00073237931376,11,Aceh,1175,Kota Subulussalam,11,Aceh,1175,Kota Subulussalam,2017,Kota,117016.84678,1175,1178.03682,2.7356148986637305,97.93724083673817
,24,0.102751630175,0.00059921997923,12,Sumatera Utara,1201,Nias,12,Sumatera Utara,1204,Nias,2017,Kabupaten,86327.96269,1201,869.09567,1.0659380543481671,97.72837211035821
,25,0.0520623110617,9.87630930551e-05,12,Sumatera Utara,1202,Mandailing Natal,12,Sumatera Utara,1213,Mandailing Natal,2017,Kabupaten,653790.51989,1202,6581.95869,0.7743692720110582,99.3694323950025
,26,0.291575086012,0.00063836506123,12,Sumatera Utara,1203,Tapanuli Selatan,12,Sumatera Utara,1203,Tapanuli Selatan,2017,Kabupaten,414587.76352,1203,4173.79922,1.4927516224374695,99.25806495213415
,27,0.102915812903,0.0003179192965,12,Sumatera Utara,1204,Tapanuli Tengah,12,Sumatera Utara,1201,Tapanuli Tengah,2017,Kabupaten,233670.96075,1204,2352.44148,1.8338995719295041,98.65973910759396
,28,0.264991200633,0.00398721400652,12,Sumatera Utara,1205,Tapanuli Utara,12,Sumatera Utara,1202,Tapanuli Utara,2017,Kabupaten,371706.5555,1205,3742.08634,1.9897652924011913,99.069738070246
,29,0.1638554639,0.00151627372672,12,Sumatera Utara,1206,Toba Samosir,12,Sumatera Utara,1212,Toba Samosir,2017,Kabupaten,214938.30843,1206,2163.8438,2.3797341436422172,99.26420792560832
,30,0.273345513321,0.00355983646989,12,Sumatera Utara,1207,Labuhan Batu,12,Sumatera Utara,1210,Labuhanbatu,2017,Kabupaten,273609.79015,1207,2754.50842,2.2793779375785164,100.05650117699756
,31,0.249895565195,0.00246154410485,12,Sumatera Utara,1208,Asahan,12,Sumatera Utara,1209,Asahan,2017,Kabupaten,379016.70937,1208,3815.64969,2.802539175504701,99.56285616535487
,32,0.113146322141,0.000543930342935,12,Sumatera Utara,1209,Simalungun,12,Sumatera Utara,1208,Simalungun,2017,Kabupaten,441584.18075,1209,4445.5219,2.9770245290582444,99.0332350727967
,33,0.142716151689,0.0011785602967,12,Sumatera Utara,1210,Dairi,12,Sumatera Utara,1211,Dairi,2017,Kabupaten,199746.82264,1210,2010.89696,2.843626106152995,98.26728807093224
,34,0.228883119847,0.00225492287513,12,Sumatera Utara,1211,Karo,12,Sumatera Utara,1206,Karo,2017,Kabupaten,218264.97696,1211,2197.31609,3.120679894629059,98.29603250779105
,35,0.17340275404,0.0012505896023,12,Sumatera Utara,1212,Deli Serdang,12,Sumatera Utara,1207,Deli Serdang,2017,Kabupaten,260353.14387,1212,2621.01306,3.4808728879024815,98.694353947794
,36,0.36689132113,0.00652031130524,12,Sumatera Utara,1213,Langkat,12,Sumatera Utara,1205,Langkat,2017,Kabupaten,626579.22745,1213,6307.84289,3.7107408658278698,98.22034601408177
,37,0.228395662899,0.00121085804201,12,Sumatera Utara,1214,Nias Selatan,12,Sumatera Utara,1214,Nias Selatan,2017,Kabupaten,250100.70249,1214,2517.86063,0.3204254942983459,98.10360671246238
,38,0.194580783538,0.00144072586117,12,Sumatera Utara,1215,Humbang Hasundutan,12,Sumatera Utara,1216,Humbang Hasundutan,2017,Kabupaten,253530.47973,1215,2552.36459,2.270726316564301,98.57243150109733
,39,0.475574082456,0.00979407370015,12,Sumatera Utara,1216,Pakpak Bharat,12,Sumatera Utara,1215,Pakpak Bharat,2017,Kabupaten,132555.14843,1216,1334.46726,2.5541773388086084,98.24060477639514
,40,0.144952602516,0.000546652265845,12,Sumatera Utara,1217,Samosir,12,Sumatera Utara,1217,Samosir,2017,Kabupaten,124066.30773,1217,1249.00784,2.5587223588770813,98.72129063005322
,41,0.120912317904,0.000622414205735,12,Sumatera Utara,1218,Serdang Bedagai,12,Sumatera Utara,1218,Serdang Bedagai,2017,Kabupaten,194721.92578,1218,1960.29719,3.3671679034286197,99.05853860444029
,42,0.28922448932,0.00138177638341,12,Sumatera Utara,1219,Batu Bara,12,Sumatera Utara,1219,Batu Bara,2017,Kabupaten,91567.34876,1219,921.82501,3.2342379379732837,99.47562412048093
,43,0.167694846967,0.00167908038843,12,Sumatera Utara,1220,Padang Lawas Utara,12,Sumatera Utara,1220,Padang Lawas Utara,2017,Kabupaten,396033.90892,1220,3987.00889,1.5932560770033484,99.75745203915962
,44,0.161062607059,0.000292868732174,12,Sumatera Utara,1221,Padang Lawas,12,Sumatera Utara,1221,Padang Lawas,2017,Kabupaten,383268.75472,1221,3858.5075,1.1404033531003548,99.84412105997293
,45,0.344853894868,0.00599809121875,12,Sumatera Utara,1222,Labuhan Batu Selatan,12,Sumatera Utara,1222,Labuhanbatu Selatan,2017,Kabupaten,308467.70501,1222,3105.44462,1.8388736716878562,100.13053630729472
,46,0.46764940275,0.00982109163787,12,Sumatera Utara,1223,Labuhan Batu Utara,12,Sumatera Utara,1223,Labuhanbatu Utara,2017,Kabupaten,358292.40353,1223,3607.02823,2.4091045540976297,99.754625283727
,47,0.292517662971,0.00259344349708,12,Sumatera Utara,1224,Nias Utara,12,Sumatera Utara,1224,Nias Utara,2017,Kabupaten,120320.73785,1224,1211.31211,1.3127819954952034,97.35547737413172
,48,0.137531258919,0.00040954876128,12,Sumatera Utara,1225,Nias Barat,12,Sumatera Utara,1225,Nias Barat,2017,Kabupaten,45676.28774,1225,459.84024,1.025366735231171,97.48965275268225
,49,0.0325473751298,4.9243442775e-05,12,Sumatera Utara,1271,Kota Sibolga,12,Sumatera Utara,1273,Sibolga,2017,Kota,1087.12397,1271,10.94444,1.7383641877390714,98.78590566364493
,50,0.121253109681,0.000591730843055,12,Sumatera Utara,1272,Kota Tanjung Balai,12,Sumatera Utara,1274,Tanjung Balai,2017,Kota,6093.3937,1272,61.3435,2.9644154197552934,99.79498810042985
,51,0.0267035283282,2.97832536199e-05,12,Sumatera Utara,1273,Kota Pematang Siantar,12,Sumatera Utara,1272,Pematang Siantar,2017,Kota,7665.84646,1273,77.17372,2.9625984279323236,99.05897455208054
,52,0.0400987548344,0.000100671346255,12,Sumatera Utara,1274,Kota Tebing Tinggi,12,Sumatera Utara,1276,Tebing Tinggi,2017,Kota,4006.50687,1274,40.33418,3.3283604417706654,99.15570794468297
,53,0.0683342917294,0.000151082594365,12,Sumatera Utara,1275,Kota Medan,12,Sumatera Utara,1271,Medan,2017,Kota,28445.89169,1275,286.36835,3.627728310371873,98.66799797922798
,54,0.212092041957,0.00096490499982,12,Sumatera Utara,1276,Kota Binjai,12,Sumatera Utara,1275,Binjai,2017,Kota,9457.55205,1276,95.2104,3.5994919125615494,98.48871144455136
,55,0.0747793156483,0.000190110233435,12,Sumatera Utara,1277,Kota Padangsidimpuan,12,Sumatera Utara,1277,Padangsidimpuan,2017,Kota,13462.60055,1277,135.53278,1.396311747184501,99.28079508956353
,56,0.0672976560396,0.00026613374063,12,Sumatera Utara,1278,Kota Gunungsitoli,12,Sumatera Utara,1278,Gunungsitoli,2017,Kota,31197.6864,1278,314.0784,1.2650962093762914,97.5830887565814
,57,4.430970752,0.0896253665491,12,Sumatera Utara,1288,Danau Toba,12,Sumatera Utara,1288,Danau Toba,2017,,110436.66972,1288,1111.79413,2.6047547134003946,98.81145349417719
,58,1.51597384544,0.0106990175286,13,Sumatera Barat,1301,Kepulauan Mentawai,13,Sumatera Barat,1309,Kepulauan Mentawai,2017,Kabupaten,600778.6952,1301,6048.22818,-1.851426861633218,99.33852345739726
,59,0.533757592905,0.00554302592067,13,Sumatera Barat,1302,Pesisir Selatan,13,Sumatera Barat,1301,Pesisir Selatan,2017,Kabupaten,610628.47221,1302,6147.39823,-1.738282748828916,100.88070250083824
,60,0.455255689782,0.0103090411576,13,Sumatera Barat,1303,Solok,13,Sumatera Barat,1302,Solok,2017,Kabupaten,324698.12522,1303,3268.8579,-0.9624256395106212,100.81872149615062
,61,0.317675609494,0.00399596831174,13,Sumatera Barat,1304,Sijunjung,13,Sumatera Barat,1303,Sijunjung,2017,Kabupaten,306820.28746,1304,3088.87792,-0.6840858094949186,101.08951101573187
,62,0.222783845288,0.00237027552158,13,Sumatera Barat,1305,Tanah Datar,13,Sumatera Barat,1304,Tanah Datar,2017,Kabupaten,131530.55848,1305,1324.16949,-0.4605383095545835,100.58604729873066
,63,0.306595171142,0.00331571747032,13,Sumatera Barat,1306,Padang Pariaman,13,Sumatera Barat,1305,Padang Pariaman,2017,Kabupaten,135444.05251,1306,1363.56785,-0.5623419077902755,100.22770237006067
,64,0.257410327282,0.00176192736207,13,Sumatera Barat,1307,Agam,13,Sumatera Barat,1306,Agam,2017,Kabupaten,223795.71254,1307,2253.03951,-0.24942974659653966,100.16851369839492
,65,0.0948392543414,0.00038772596306,13,Sumatera Barat,1308,Lima Puluh Kota,13,Sumatera Barat,1307,Lima Puluh Kota,2017,Kabupaten,332415.831,1308,3346.56122,0.0297824276785084,100.56592288409354
,66,0.106339768669,0.00040741366623,13,Sumatera Barat,1309,Pasaman,13,Sumatera Barat,1308,Pasaman,2017,Kabupaten,393572.81972,1309,3962.25129,0.38729210332246944,100.08276000441212
,67,0.818522714794,0.0140537330878,13,Sumatera Barat,1310,Solok Selatan,13,Sumatera Barat,1311,Solok Selatan,2017,Kabupaten,361248.37243,1310,3636.81521,-1.4063567118251674,101.25257872639939
,68,0.216485101668,0.00174084314334,13,Sumatera Barat,1311,Dharmasraya,13,Sumatera Barat,1310,Dharmasraya,2017,Kabupaten,301822.04887,1311,3038.55362,-1.130987455355893,101.5541938465957
,69,1.28431179023,0.0358383005649,13,Sumatera Barat,1312,Pasaman Barat,13,Sumatera Barat,1312,Pasaman Barat,2017,Kabupaten,373769.64021,1312,3762.88605,0.20695273542436948,99.67811627716715
,70,0.347500462604,0.00141194627238,13,Sumatera Barat,1371,Kota Padang,13,Sumatera Barat,1371,Kota Padang,2017,Kota,68625.17396,1371,690.87559,-0.8957171035216385,100.43535432369038
,71,0.275192899971,0.0022072552165,13,Sumatera Barat,1372,Kota Solok,13,Sumatera Barat,1372,Kota Solok,2017,Kota,6087.85916,1372,61.28881,-0.7823512936590555,100.63036480526782
,72,0.111376948032,0.000609361988395,13,Sumatera Barat,1373,Kota Sawah Lunto,13,Sumatera Barat,1373,Kota Sawahlunto,2017,Kota,23861.81723,1373,240.22613,-0.6537714054955911,100.75703095387857
,73,0.0733493178884,0.000182095415,13,Sumatera Barat,1374,Kota Padang Panjang,13,Sumatera Barat,1374,Kota Padang Panjang,2017,Kota,2109.34569,1374,21.23561,-0.4711941006286114,100.40371610312086
,74,0.0303364654826,4.28245619349e-05,13,Sumatera Barat,1375,Kota Bukittinggi,13,Sumatera Barat,1375,Kota Bukittinggi,2017,Kota,2383.23116,1375,23.99292,-0.3000989630927661,100.37204264352982
,75,0.0475620148357,8.61772383e-05,13,Sumatera Barat,1376,Kota Payakumbuh,13,Sumatera Barat,1376,Kota Payakumbuh,2017,Kota,7526.2361,1376,75.76958,-0.22607145510029256,100.63098061893533
,76,0.0283353422065,2.51040167799e-05,13,Sumatera Barat,1377,Kota Pariaman,13,Sumatera Barat,1377,Kota Pariaman,2017,Kota,6471.4397,1377,65.15049,-0.6076520943095929,100.1372124357522
,77,0.469715483716,0.00873242117341,13,Sumatera Barat,1388,Danau,13,Sumatera Barat,1388,Danau,2017,,10749.4239,1388,108.21861,-0.6117948654134421,100.54072518896389
,78,0.404246219386,0.00927601196798,14,Riau,1401,Kuantan Singingi,14,Riau,1409,Kuantan Singingi,2017,Kabupaten,528413.08962,1401,5319.74034,-0.4788216508983854,101.50347823681554
,79,0.892842976814,0.0218033839562,14,Riau,1402,Indragiri Hulu,14,Riau,1402,Indragiri Hulu,2017,Kabupaten,800466.68897,1402,8058.6085,-0.5331907022290001,102.32757382107948
,80,0.246320177605,0.00237807220018,14,Riau,1403,Indragiri Hilir,14,Riau,1404,Indragiri Hilir,2017,Kabupaten,1343499.41284,1403,13525.53378,-0.23330740205857814,103.15731455476802
,81,1.22279886696,0.0611473655826,14,Riau,1404,Pelalawan,14,Riau,1405,Pelalawan,2017,Kabupaten,1306723.72622,1404,13155.30074,0.21942412511088275,102.26762391310828
,82,0.520860352184,0.0132936877795,14,Riau,1405,Siak,14,Riau,1408,Siak,2017,Kabupaten,782296.88792,1405,7875.68032,0.826470805914191,101.8248951341538
,83,0.343056277756,0.00578355191062,14,Riau,1406,Kampar,14,Riau,1401,Kampar,2017,Kabupaten,1073398.94867,1406,10806.32646,0.3271751397974591,101.07087982360066
,84,0.475072919105,0.00967069973894,14,Riau,1407,Rokan Hulu,14,Riau,1406,Rokan Hulu,2017,Kabupaten,724324.14046,1407,7292.04294,0.9400854045461754,100.47480623817367
,85,0.404981349908,0.00315679010631,14,Riau,1408,Bengkalis,14,Riau,1403,Bengkalis,2017,Kabupaten,851397.76665,1408,8571.32175,1.4060964580583748,101.66334536328303
,86,0.606514960172,0.0126845721293,14,Riau,1409,Rokan Hilir,14,Riau,1407,Rokan Hilir,2017,Kabupaten,918704.0008,1409,9248.89528,1.773661858430487,100.74504622695885
,87,0.383326545106,0.00545165091456,14,Riau,1410,Kepulauan Meranti,14,Riau,1410,Kepulauan Meranti,2017,Kabupaten,364223.06324,1410,3666.76974,1.0028048016130533,102.65034645204183
,88,0.162318465112,0.00078726521724,14,Riau,1471,Kota Pekanbaru,14,Riau,1471,Kota Pekanbaru,2017,Kota,62567.75079,1471,629.89387,0.5498894668021579,101.46443621730756
,89,0.276506242726,0.00300294003903,14,Riau,1473,Kota Dumai,14,Riau,1472,Kota Dumai,2017,Kota,227237.48691,1473,2287.67425,1.7976652614653554,101.31165373683957
,90,0.0281177211497,2.82346450251e-05,15,Jambi,1501,Kerinci,15,Jambi,1501,Kerinci,2017,Kabupaten,340623.10491,1501,3429.15808,-2.0369070554585442,101.46942445083167
,91,0.422772841569,0.0102547613318,15,Jambi,1502,Merangin,15,Jambi,1502,Merangin,2017,Kabupaten,742916.07797,1502,7479.15508,-2.196201011862801,102.06441916216404
,92,0.405799547744,0.00442214550757,15,Jambi,1503,Sarolangun,15,Jambi,1503,Sarolangun,2017,Kabupaten,588010.30437,1503,5919.66711,-2.3091125320544656,102.66456674464236
,93,0.113426572148,0.000425198682,15,Jambi,1504,Batang Hari,15,Jambi,1504,Batanghari,2017,Kabupaten,546902.78897,1504,5505.85151,-1.7497334364769526,103.09606325740947
,94,0.151397500163,0.00062002519445,15,Jambi,1505,Muaro Jambi,15,Jambi,1505,Muaro Jambi,2017,Kabupaten,542246.82826,1505,5458.98374,-1.6091814947854877,103.74517882177295
,95,0.333407512391,0.00371475667792,15,Jambi,1506,Tanjung Jabung Timur,15,Jambi,1507,Tanjung Jabung Timur,2017,Kabupaten,495364.86636,1506,4987.0184,-1.219820823289337,103.9673530852528
,96,0.162129604225,0.000984171249355,15,Jambi,1507,Tanjung Jabung Barat,15,Jambi,1506,Tanjung Jabung Barat,2017,Kabupaten,493113.70244,1507,4964.35851,-1.071069936790348,103.11331056286176
,97,0.230302185257,0.00149215073282,15,Jambi,1508,Tebo,15,Jambi,1509,Tebo,2017,Kabupaten,627222.41355,1508,6314.473,-1.3102003391424772,102.361275390216
,98,1.23223215684,0.034775665152,15,Jambi,1509,Bungo,15,Jambi,1508,Bungo,2017,Kabupaten,469653.87051,1509,4728.16611,-1.5988860025702396,101.93100144530493
,99,0.0701522174056,0.000229064240195,15,Jambi,1571,Kota Jambi,15,Jambi,1571,Kota Jambi,2017,Kota,17162.44123,1571,172.78015,-1.6170023547450236,103.60022420576566
,100,0.0606390813143,0.000145855863875,15,Jambi,1572,Kota Sungai Penuh,15,Jambi,1572,Sungai Penuh,2017,Kota,35322.31269,1572,355.60043,-2.11335094177672,101.34111250427007
,101,0.243578688677,0.00248905462371,16,Sumatera Selatan,1601,Ogan Komering Ulu,16,Sumatera Selatan,1601,Ogan Komering Ulu,2017,Kabupaten,388657.11201,1601,3912.63048,-4.100670219203191,104.09382962801968
,102,0.224830802526,0.00244979621816,16,Sumatera Selatan,1602,Ogan Komering Ilir,16,Sumatera Selatan,1602,Ogan Komering Ilir,2017,Kabupaten,1800592.32315,1602,18126.85503,-3.343172988543884,105.39068105366404
,103,0.18527306333,0.00201246959337,16,Sumatera Selatan,1603,Muara Enim,16,Sumatera Selatan,1603,Muara Enim,2017,Kabupaten,677877.87474,1603,6824.2791,-3.635834759553093,104.0015652181584
,104,0.478383612704,0.0106095671003,16,Sumatera Selatan,1604,Lahat,16,Sumatera Selatan,1604,Lahat,2017,Kabupaten,425194.26816,1604,4280.47043,-3.8305582473786823,103.38532484050413
,105,0.749801146687,0.0116458401534,16,Sumatera Selatan,1605,Musi Rawas,16,Sumatera Selatan,1605,Musi Rawas,2017,Kabupaten,633949.99857,1605,6382.09423,-3.1667314171494367,103.14522095195292
,106,0.50933266128,0.00642458460837,16,Sumatera Selatan,1606,Musi Banyuasin,16,Sumatera Selatan,1606,Musi Banyuasin,2017,Kabupaten,1478311.45112,1606,14882.56043,-2.4440840875705456,103.82967196424592
,107,0.20111651929,0.00120925897852,16,Sumatera Selatan,1607,Banyu Asin,16,Sumatera Selatan,1607,Banyuasin,2017,Kabupaten,1112491.94999,1607,11199.75151,-2.4878697688973253,104.66809303404577
,108,0.245998338191,0.00162268941996,16,Sumatera Selatan,1608,Ogan Komering Ulu Selatan,16,Sumatera Selatan,1609,Ogan Komering Ulu Selatan,2017,Kabupaten,425935.90646,1608,4287.88093,-4.590247323360914,103.91524090247172
,109,0.185637060002,0.00143471783976,16,Sumatera Selatan,1609,Ogan Komering Ulu Timur,16,Sumatera Selatan,1608,Ogan Komering Ulu Timur,2017,Kabupaten,341289.57323,1609,3435.78085,-4.068872522995667,104.56792257283749
,110,0.19664635419,0.00180508644299,16,Sumatera Selatan,1610,Ogan Ilir,16,Sumatera Selatan,1610,Ogan Ilir,2017,Kabupaten,239269.38031,1610,2408.76212,-3.4099778009393678,104.60090288488533
,111,0.322301811954,0.00355413876727,16,Sumatera Selatan,1611,Empat Lawang,16,Sumatera Selatan,1611,Empat Lawang,2017,Kabupaten,240063.81999,1611,2416.74791,-3.751943624991812,102.95359688876341
,112,0.310172602753,0.00409511179801,16,Sumatera Selatan,1612,Penukal Abab Lematang Ilir,16,Sumatera Selatan,1612,Penukal Abab Lematang Ilir,2017,Kabupaten,192949.60421,1612,1942.45907,-3.209884359104186,103.98827933397021
,113,0.710320622969,0.0166039309,16,Sumatera Selatan,1613,Musi Rawas Utara,16,Sumatera Selatan,1613,Musi Rawas Utara,2017,Kabupaten,584720.4447,1613,5886.52099,-2.7443987140701607,102.73583964537181
,114,0.0428164769523,6.78302600599e-05,16,Sumatera Selatan,1671,Kota Palembang,16,Sumatera Selatan,1671,Kota Palembang,2017,Kota,36878.42806,1671,371.26301,-2.9733535838672696,104.73281674653593
,115,0.170250267134,0.00088730138227,16,Sumatera Selatan,1672,Kota Prabumulih,16,Sumatera Selatan,1674,Kota Prabumulih,2017,Kota,40811.63597,1672,410.85688,-3.4528347437959006,104.22938772442417
,116,0.512941928609,0.00550404768749,16,Sumatera Selatan,1673,Kota Pagar Alam,16,Sumatera Selatan,1672,Kota Pagar Alam,2017,Kota,59379.53944,1673,597.77672,-4.109111577157726,103.26267366395187
,117,0.213277981272,0.00118420190352,16,Sumatera Selatan,1674,Kota Lubuklinggau,16,Sumatera Selatan,1673,Kota Lubuk Linggau,2017,Kota,36813.49364,1674,370.60794,-3.2635241614077395,102.87935836626258
,118,0.447378731619,0.00768336592198,16,Sumatera Selatan,1688,Danau,16,Sumatera Selatan,1688,Danau,2017,,9492.09536,1688,95.55608,-4.8601595019024755,103.93537450456381
,119,0.0674975002284,0.000273564345455,17,Bengkulu,1701,Bengkulu Selatan,17,Bengkulu,1701,Bengkulu Selatan,2017,Kabupaten,123410.93161,1701,1242.37875,-4.348663189211438,103.02372955029395
,120,0.272108712908,0.00113917386435,17,Bengkulu,1702,Rejang Lebong,17,Bengkulu,1702,Rejang Lebong,2017,Kabupaten,151233.55984,1702,1522.49147,-3.430790127447459,102.69889390291108
,121,0.344843663189,0.00566714444119,17,Bengkulu,1703,Bengkulu Utara,17,Bengkulu,1703,Bengkulu Utara,2017,Kabupaten,445133.90002,1703,4481.22777,-3.426921227729385,102.0157827526161
,123,0.0608287060501,0.000146182140095,17,Bengkulu,1705,Seluma,17,Bengkulu,1705,Seluma,2017,Kabupaten,246572.07902,1705,2482.25544,-4.052313057716453,102.65781985555775
,124,0.217227752584,0.00131895831095,17,Bengkulu,1706,Mukomuko,17,Bengkulu,1706,Muko Muko,2017,Kabupaten,426871.80064,1706,4297.42276,-2.701394437209309,101.48559604460618
,125,0.146476323749,0.00111726503012,17,Bengkulu,1707,Lebong,17,Bengkulu,1707,Lebong,2017,Kabupaten,167103.32176,1707,1682.26233,-3.0899267093457428,102.24947681391514
,126,0.0703490539855,0.000261841627555,17,Bengkulu,1708,Kepahiang,17,Bengkulu,1708,Kepahiang,2017,Kabupaten,70843.45025,1708,713.18987,-3.628231823189902,102.64168875470615
,127,0.097836201158,0.000228778636735,17,Bengkulu,1709,Bengkulu Tengah,17,Bengkulu,1709,Bengkulu Tengah,2017,Kabupaten,104926.46316,1709,1056.30688,-3.687547673332724,102.41166971406503
,128,0.18568257432,0.00150187737498,17,Bengkulu,1771,Kota Bengkulu,17,Bengkulu,1771,Bengkulu,2017,Kota,18747.22875,1771,188.73012,-3.827698622712308,102.31269055949606
,129,0.30525292663,0.00376415492724,18,Lampung,1801,Lampung Barat,18,Lampung,1804,Lampung Barat,2017,Kabupaten,243946.0326,1801,2455.77451,-5.031742815336386,104.19028934224859
,130,0.0797723234023,0.00033872770018,18,Lampung,1802,Tanggamus,18,Lampung,1806,Tanggamus,2017,Kabupaten,280017.81774,1802,2818.88042,-5.435863533876858,104.67521016413505
,131,0.0861239886202,0.00031446834874,18,Lampung,1803,Lampung Selatan,18,Lampung,1801,Lampung Selatan,2017,Kabupaten,218713.28873,1803,2201.73586,-5.532772784321386,105.50050153572772
,132,0.0731140669968,0.000255565011765,18,Lampung,1804,Lampung Timur,18,Lampung,1807,Lampung Timur,2017,Kabupaten,394581.12997,1804,3972.19055,-5.136651544367107,105.64903679922708
,133,0.14610905174,0.000794196569725,18,Lampung,1805,Lampung Tengah,18,Lampung,1802,Lampung Tengah,2017,Kabupaten,464935.85489,1805,4680.46748,-4.861295996142597,105.26464895154368
,134,0.223932310775,0.00217095735861,18,Lampung,1806,Lampung Utara,18,Lampung,1803,Lampung Utara,2017,Kabupaten,257057.08081,1806,2587.7733,-4.8092384007772715,104.80589388959835
,135,0.206033567387,0.00152227629955,18,Lampung,1807,Way Kanan,18,Lampung,1808,Way Kanan,2017,Kabupaten,367363.29289,1807,3698.23762,-4.516452442654987,104.61449008455077
,136,0.134014897584,0.000691097146856,18,Lampung,1808,Tulangbawang,18,Lampung,1805,Tulang Bawang,2017,Kabupaten,311071.57304,1808,3131.55842,-4.372762118777207,105.53193814337916
,137,0.0985544465782,0.000441443404195,18,Lampung,1809,Pesawaran,18,Lampung,1809,Pesawaran,2017,Kabupaten,137150.83744,1809,1380.66748,-5.473490391664825,105.11021856268846
,138,0.135908869939,0.00106537658014,18,Lampung,1810,Pringsewu,18,Lampung,1810,Pringsewu,2017,Kabupaten,60894.43118,1810,613.01286,-5.330844690947773,104.92001564808939
,139,0.151373822147,0.000640923192991,18,Lampung,1811,Mesuji,18,Lampung,1811,Mesuji,2017,Kabupaten,218699.48346,1811,2201.66145,-4.023735185270912,105.37787514073209
,140,0.15112738773,0.00103184048451,18,Lampung,1812,Tulang Bawang Barat,18,Lampung,1812,Tulang Bawang Barat,2017,Kabupaten,131425.65283,1812,1323.06117,-4.424818622660224,105.09205814161643
,141,0.0836043938406,0.00027258262415,18,Lampung,1813,Pesisir Barat,18,Lampung,1813,Pesisir Barat,2017,Kabupaten,270816.88855,1813,2726.25958,-5.382741983641269,104.20537179345924
,142,0.0519877596759,0.00011018227054,18,Lampung,1871,Kota Bandar Lampung,18,Lampung,1871,Bandar Lampung,2017,Kota,17737.57077,1871,178.56048,-5.415381895517418,105.2669385988425
,143,0.129510072081,0.000614319919935,18,Lampung,1872,Kota Metro,18,Lampung,1872,Metro,2017,Kota,7840.29654,1872,78.92715,-5.121824223284681,105.30644367746757
,144,0.31986189348,0.00235681433958,18,Lampung,1888,Danau,18,Lampung,1888,Danau,2017,,2911.88848,1888,29.31369,-4.919405157341443,103.90269316395177
,145,0.335988967606,0.00361247895412,19,Kepulauan Bangka Belitung,1901,Bangka,19,Kepulauan Bangka Belitung,1901,Bangka,2017,Kabupaten,301964.89582,1901,3039.97711,-1.9058874632590403,105.92123214732395
,146,0.220655720777,0.00137248703469,19,Kepulauan Bangka Belitung,1902,Belitung,19,Kepulauan Bangka Belitung,1902,Belitung,2017,Kabupaten,231748.81035,1902,2333.0675,-2.8699457931235886,107.71103164508766
,147,0.249461645547,0.00346688279889,19,Kepulauan Bangka Belitung,1903,Bangka Barat,19,Kepulauan Bangka Belitung,1905,Bangka Barat,2017,Kabupaten,289068.08886,1903,2910.14128,-1.8908612719881246,105.4894532118837
,148,0.522493193615,0.00567800259324,19,Kepulauan Bangka Belitung,1904,Bangka Tengah,19,Kepulauan Bangka Belitung,1904,Bangka Tengah,2017,Kabupaten,212951.81757,1904,2143.84418,-2.430082747186666,106.24331548128409
,149,0.512265220486,0.00833932647889,19,Kepulauan Bangka Belitung,1905,Bangka Selatan,19,Kepulauan Bangka Belitung,1903,Bangka Selatan,2017,Kabupaten,371502.31434,1905,3740.00184,-2.7709329136881147,106.34227155641581
,150,0.538384285085,0.0076383162209,19,Kepulauan Bangka Belitung,1906,Belitung Timur,19,Kepulauan Bangka Belitung,1906,Belitung Timur,2017,Kabupaten,256073.87034,1906,2577.95226,-2.9071138854292737,108.05237566338394
,151,0.0401230293026,5.08368581101e-05,19,Kepulauan Bangka Belitung,1971,Kota Pangkal Pinang,19,Kepulauan Bangka Belitung,1971,Pangkal Pinang,2017,Kota,10473.1944,1971,105.43683,-2.1106627011939825,106.11347204257815
,152,0.146512808392,0.000308099763115,21,Kepulauan Riau,2101,Karimun,21,Kepulauan Riau,2102,Karimun,2017,Kabupaten,92174.66118,2101,927.9574,0.8248069234958793,103.5309181577354
,153,0.120393373225,0.00024376072761,21,Kepulauan Riau,2102,Bintan,21,Kepulauan Riau,2101,Bintan,2017,Kabupaten,133661.98902,2102,1345.62519,1.0118816098152748,104.70326477772744
,154,0.0763785765567,0.00027859928755,21,Kepulauan Riau,2103,Natuna,21,Kepulauan Riau,2103,Natuna,2017,Kabupaten,199661.48313,2103,2010.01165,3.78591633308192,108.26479827469396
,155,0.699917639196,0.0108427059721,21,Kepulauan Riau,2104,Lingga,21,Kepulauan Riau,2104,Lingga,2017,Kabupaten,220761.3545,2104,2222.49121,-0.22455546346065228,104.5270897404966
,156,0.164044054809,0.00091924922007,21,Kepulauan Riau,2105,Kepulauan Anambas,21,Kepulauan Riau,2105,Kepulauan Anambas,2017,Kabupaten,63922.52726,2105,643.52079,3.0877655679007088,106.06522991654066
,157,0.274222431729,0.000385397590395,21,Kepulauan Riau,2171,Kota Batam,21,Kepulauan Riau,2171,B A T A M,2017,Kota,101127.46391,2171,1018.08815,0.9629040349339317,104.06368257786353
,158,0.486291788725,0.00260184469859,21,Kepulauan Riau,2172,Kota Tanjung Pinang,21,Kepulauan Riau,2172,Tanjung Pinang,2017,Kota,14831.49323,2172,149.31424,0.9202850708474918,104.48531304393364
,159,0.130127798518,9.23904062749e-05,31,DKI Jakarta,3101,Kepulauan Seribu,31,DKI Jakarta,3101,Kepulauan Seribu,2017,Kabupaten Administratif,1088.99346,3101,10.9626,-5.700152782565886,106.57935869589804
,160,0.0840718674883,0.00033590527548,31,DKI Jakarta,3171,Kota Jakarta Selatan,31,DKI Jakarta,3174,Jakarta Selatan,2017,Kota Administratif,14655.05609,3171,147.52645,-6.272679096723272,106.81001087226264
,161,0.0989179217595,0.000253369293695,31,DKI Jakarta,3172,Kota Jakarta Timur,31,DKI Jakarta,3175,Jakarta Timur,2017,Kota Administratif,18686.20631,3172,188.10647,-6.2553733597514904,106.9002684266986
,162,0.0786292260701,0.00027275602528,31,DKI Jakarta,3173,Kota Jakarta Pusat,31,DKI Jakarta,3171,Jakarta Pusat,2017,Kota Administratif,4844.50176,3173,48.76773,-6.181230062200074,106.83507605430538
,163,0.105879129738,0.000365858305015,31,DKI Jakarta,3174,Kota Jakarta Barat,31,DKI Jakarta,3173,Jakarta Barat,2017,Kota Administratif,12692.44591,3174,127.77,-6.1656090079237025,106.74840251328789
,164,0.151764153135,0.00092554466437,31,DKI Jakarta,3175,Kota Jakarta Utara,31,DKI Jakarta,3172,Jakarta Utara,2017,Kota Administratif,14187.05288,3175,142.81576,-6.129207395649956,106.86908008223146
,165,0.374383467127,0.00499357838609,32,Jawa Barat,3201,Bogor,32,Jawa Barat,3201,Bogor,2017,Kabupaten,303265.02377,3201,3052.82195,-6.55997941978981,106.76753078977681
,166,0.127819519188,0.0008725873508,32,Jawa Barat,3202,Sukabumi,32,Jawa Barat,3202,Sukabumi,2017,Kabupaten,422793.37497,3202,4255.99517,-7.07618754942622,106.70730771617455
,167,0.217310044443,0.00175489637727,32,Jawa Barat,3203,Cianjur,32,Jawa Barat,3203,Cianjur,2017,Kabupaten,364849.28959,3203,3672.70224,-7.133715972114234,107.1577635250869
,168,0.0856157454322,0.00026330088591,32,Jawa Barat,3204,Bandung,32,Jawa Barat,3204,Bandung,2017,Kabupaten,178150.91149,3204,1793.33212,-7.099968673022156,107.61084115489375
,169,0.384324967089,0.0046892479735,32,Jawa Barat,3205,Garut,32,Jawa Barat,3205,Garut,2017,Kabupaten,314044.56033,3205,3161.26312,-7.359556647876624,107.78886398924902
,170,0.199177165611,0.00183121980331,32,Jawa Barat,3206,Tasikmalaya,32,Jawa Barat,3206,Tasikmalaya,2017,Kabupaten,274161.17987,3206,2759.77418,-7.496705698995024,108.14129651563695
,172,0.0951564612479,0.000262455646995,32,Jawa Barat,3208,Kuningan,32,Jawa Barat,3208,Kuningan,2017,Kabupaten,120338.61764,3208,1211.37578,-7.00423329263941,108.56030045555096
,173,0.0688454333901,0.000118253606825,32,Jawa Barat,3209,Cirebon,32,Jawa Barat,3209,Cirebon,2017,Kabupaten,108319.75141,3209,1090.39697,-6.74563926084672,108.55156504690378
,174,0.146780532195,0.00076960187143,32,Jawa Barat,3210,Majalengka,32,Jawa Barat,3210,Majalengka,2017,Kabupaten,135971.49139,3210,1368.74958,-6.8158653596666285,108.25781163328081
,175,0.0656234211613,0.000144646551545,32,Jawa Barat,3211,Sumedang,32,Jawa Barat,3211,Sumedang,2017,Kabupaten,157968.6645,3211,1590.18255,-6.825065705775693,107.98085008608668
,176,0.0900798531328,0.0003088598096,32,Jawa Barat,3212,Indramayu,32,Jawa Barat,3212,Indramayu,2017,Kabupaten,210962.36623,3212,2123.66207,-6.448788182507655,108.16859149083888
,177,0.130933966475,0.00063648522801,32,Jawa Barat,3213,Subang,32,Jawa Barat,3213,Subang,2017,Kabupaten,219887.19835,3213,2213.50224,-6.483036604163266,107.73224588344131
,178,0.0785361925972,0.00022633527246,32,Jawa Barat,3214,Purwakarta,32,Jawa Barat,3214,Purwakarta,2017,Kabupaten,100198.54863,3214,1008.64928,-6.595016266157368,107.43220953453071
,179,0.210530096664,0.000905975492415,32,Jawa Barat,3215,Karawang,32,Jawa Barat,3215,Karawang,2017,Kabupaten,193702.73085,3215,1949.92698,-6.252023717395748,107.3542287175649
,180,0.107032247241,0.00043934335139,32,Jawa Barat,3216,Bekasi,32,Jawa Barat,3216,Bekasi,2017,Kabupaten,128283.19421,3216,1291.3762,-6.215388528000242,107.12065980466355
,181,0.129220544624,0.00084550181987,32,Jawa Barat,3217,Bandung Barat,32,Jawa Barat,3217,Bandung Barat,2017,Kabupaten,129550.23311,3217,1304.10743,-6.897055954169557,107.4149529293919
,182,0.192716147413,0.00113430629536,32,Jawa Barat,3218,Pangandaran,32,Jawa Barat,3218,Pangandaran,2017,Kabupaten,115346.62188,3218,1161.10274,-7.635621943855612,108.51884965656672
,183,0.127870595575,0.000446795288775,32,Jawa Barat,3271,Kota Bogor,32,Jawa Barat,3271,Bogor,2017,Kota,11322.30702,3271,113.97608,-6.5934530427987985,106.79956414833416
,184,0.0581193937155,8.2163752495e-05,32,Jawa Barat,3272,Kota Sukabumi,32,Jawa Barat,3272,Sukabumi,2017,Kota,4967.06867,3272,50.00055,-6.93987186159354,106.92433205514534
,185,0.0518656740286,9.5255105585e-05,32,Jawa Barat,3273,Kota Bandung,32,Jawa Barat,3273,Bandung,2017,Kota,17050.59013,3273,171.63835,-6.919135135270234,107.6366017133277
,186,0.127251323749,0.00056337249978,32,Jawa Barat,3274,Kota Cirebon,32,Jawa Barat,3274,Cirebon,2017,Kota,4033.16445,3274,40.59971,-6.74199069176132,108.55332894645562
,187,0.0962780658703,0.00036841158677,32,Jawa Barat,3275,Kota Bekasi,32,Jawa Barat,3275,Bekasi,2017,Kota,21666.81023,3275,218.11086,-6.2802306723969075,106.97568221083898
,188,0.11335912551,0.000320603546885,32,Jawa Barat,3276,Kota Depok,32,Jawa Barat,3276,Depok,2017,Kota,20222.52811,3276,203.57126,-6.396102174995955,106.81680806207645
,189,0.109704495376,0.00025540948106,32,Jawa Barat,3277,Kota Cimahi,32,Jawa Barat,3277,Cimahi,2017,Kota,4174.12525,3277,42.01852,-6.886495205865237,107.54358228548745
,190,0.110583981627,0.00032969617947,32,Jawa Barat,3278,Kota Tasikmalaya,32,Jawa Barat,3278,Tasikmalaya,2017,Kota,18697.23882,3278,188.21181,-7.360250810183055,108.2193545848017
,191,0.101206443668,0.000393289456665,32,Jawa Barat,3279,Kota Banjar,32,Jawa Barat,3279,Banjar,2017,Kota,13264.96689,3279,133.52893,-7.376302096784516,108.56650177267139
,192,1.54249347272,0.00469334846973,32,Jawa Barat,3288,Waduk Cirata,32,Jawa Barat,3288,Waduk Cirata,2017,,5817.78887,3288,58.56458,-6.737689508119021,107.29899968585191
,193,0.162352633718,0.000690124096405,33,Jawa Tengah,3301,Cilacap,33,Jawa Tengah,3301,Cilacap,2017,Kabupaten,238546.74959,3301,2401.27096,-7.490962972926563,108.89041296658067
,194,0.155064798498,0.00103551844547,33,Jawa Tengah,3302,Banyumas,33,Jawa Tengah,3302,Banyumas,2017,Kabupaten,141345.64172,3302,1422.82201,-7.45514503147709,109.17558000856032
,195,0.107627213039,0.00036650465948,33,Jawa Tengah,3303,Purbalingga,33,Jawa Tengah,3303,Purbalingga,2017,Kabupaten,82124.75093,3303,826.69237,-7.322916241641145,109.40731841207435
,196,0.0472740732245,8.5581834775e-05,33,Jawa Tengah,3304,Banjarnegara,33,Jawa Tengah,3304,Banjarnegara,2017,Kabupaten,116819.2845,3304,1175.93694,-7.351881908056216,109.65741934453622
,197,0.129354104015,0.0005248826565,33,Jawa Tengah,3305,Kebumen,33,Jawa Tengah,3305,Kebumen,2017,Kabupaten,135459.87187,3305,1363.56601,-7.655168808882135,109.61736034128553
,198,0.147089996823,0.00055850556943,33,Jawa Tengah,3306,Purworejo,33,Jawa Tengah,3306,Purworejo,2017,Kabupaten,110958.59292,3306,1116.92973,-7.699577291040891,109.96603744068975
,199,0.0910241650996,0.000422904457725,33,Jawa Tengah,3307,Wonosobo,33,Jawa Tengah,3307,Wonosobo,2017,Kabupaten,101058.60967,3307,1017.28347,-7.415535200090703,109.90722306999889
,200,0.096335155093,0.000494502640385,33,Jawa Tengah,3308,Magelang,33,Jawa Tengah,3308,Magelang,2017,Kabupaten,115070.50299,3308,1158.32801,-7.501579691939518,110.24673321887194
,201,0.132166376125,0.00048922757271,33,Jawa Tengah,3309,Boyolali,33,Jawa Tengah,3309,Boyolali,2017,Kabupaten,110602.68402,3309,1113.35661,-7.418562123472956,110.65065631607405
,202,0.0585335755411,9.85926014299e-05,33,Jawa Tengah,3310,Klaten,33,Jawa Tengah,3310,Klaten,2017,Kabupaten,71396.93159,3310,718.69502,-7.686395121198295,110.61989755589165
,203,0.0812395750481,0.00018465091458,33,Jawa Tengah,3311,Sukoharjo,33,Jawa Tengah,3311,Sukoharjo,2017,Kabupaten,50247.04217,3311,505.79632,-7.680857384229969,110.83462858664123
,204,0.134442572104,0.00081604616675,33,Jawa Tengah,3312,Wonogiri,33,Jawa Tengah,3312,Wonogiri,2017,Kabupaten,195972.54293,3312,1972.68217,-7.9202015951528315,111.00040370114164
,205,0.124855116614,0.00036539031164,33,Jawa Tengah,3313,Karanganyar,33,Jawa Tengah,3313,Karanganyar,2017,Kabupaten,81805.88964,3313,823.47539,-7.614457703677596,111.01926543165686
,206,0.0936544795347,0.000261500570905,33,Jawa Tengah,3314,Sragen,33,Jawa Tengah,3314,Sragen,2017,Kabupaten,99410.42907,3314,1000.69329,-7.387131166804866,110.97743516481191
,207,0.299468189167,0.00222150282517,33,Jawa Tengah,3315,Grobogan,33,Jawa Tengah,3315,Grobogan,2017,Kabupaten,206171.87747,3315,2075.40041,-7.116879665010258,110.92710077486869
,208,0.239058917741,0.00189372874379,33,Jawa Tengah,3316,Blora,33,Jawa Tengah,3316,Blora,2017,Kabupaten,197859.62218,3316,1991.72856,-7.075962401610758,111.38763651697356
,209,0.102920095381,0.000343949027335,33,Jawa Tengah,3317,Rembang,33,Jawa Tengah,3317,Rembang,2017,Kabupaten,105389.53343,3317,1060.89919,-6.775462804225791,111.46127490119797
,210,0.133589939484,0.00071437604356,33,Jawa Tengah,3318,Pati,33,Jawa Tengah,3318,Pati,2017,Kabupaten,160350.71808,3318,1614.16492,-6.743927220388302,111.0415158894135
,211,0.0478179539192,0.000106314472195,33,Jawa Tengah,3319,Kudus,33,Jawa Tengah,3319,Kudus,2017,Kabupaten,44166.00515,3319,444.59502,-6.789067975370961,110.86972203407196
,212,0.145861113519,0.00039930530102,33,Jawa Tengah,3320,Jepara,33,Jawa Tengah,3320,Jepara,2017,Kabupaten,103636.5988,3320,1043.25966,-6.548526503338319,110.76785783741848
,213,0.120711350031,0.00063264294928,33,Jawa Tengah,3321,Demak,33,Jawa Tengah,3321,Demak,2017,Kabupaten,101703.35675,3321,1023.78861,-6.910835809829076,110.6318500799114
,214,0.236546827427,0.000703690781435,33,Jawa Tengah,3322,Semarang,33,Jawa Tengah,3322,Semarang,2017,Kabupaten,102018.25881,3322,1026.94792,-7.272031283650321,110.47526529185171
,215,0.0453625769675,6.7335809995e-05,33,Jawa Tengah,3323,Temanggung,33,Jawa Tengah,3323,Temanggung,2017,Kabupaten,88693.26202,3323,892.81469,-7.2578589725762095,110.13563225523384
,216,0.14929029841,0.0003996198148,33,Jawa Tengah,3324,Kendal,33,Jawa Tengah,3324,Kendal,2017,Kabupaten,101661.09902,3324,1023.35957,-7.037666108341629,110.15611950560431
,217,0.165014173989,0.00110065786961,33,Jawa Tengah,3325,Batang,33,Jawa Tengah,3325,Batang,2017,Kabupaten,87220.51004,3325,877.99548,-7.0212670438715215,109.86149355725536
,218,0.0870470650935,0.00035858087577,33,Jawa Tengah,3326,Pekalongan,33,Jawa Tengah,3326,Pekalongan,2017,Kabupaten,90620.97531,3326,912.22496,-7.056829215030643,109.6204168941512
,219,0.0923476652423,0.000338425495715,33,Jawa Tengah,3327,Pemalang,33,Jawa Tengah,3327,Pemalang,2017,Kabupaten,115456.73745,3327,1162.23178,-7.036440934968002,109.39502282449541
,220,0.112500766002,0.000372388238665,33,Jawa Tengah,3328,Tegal,33,Jawa Tengah,3328,Tegal,2017,Kabupaten,100974.82033,3328,1016.45141,-7.031101954823329,109.15840497401197
,221,0.136108346384,0.000668802121375,33,Jawa Tengah,3329,Brebes,33,Jawa Tengah,3329,Brebes,2017,Kabupaten,178111.17844,3329,1792.93422,-7.058903017451165,108.92792084506812
,222,0.061819155235,0.00012615846471,33,Jawa Tengah,3371,Kota Magelang,33,Jawa Tengah,3371,Magelang,2017,Kota,1817.93023,3371,18.29975,-7.477141910537477,110.22013206136418
,223,0.0731230565064,0.000124889590775,33,Jawa Tengah,3372,Kota Surakarta,33,Jawa Tengah,3372,Surakarta,2017,Kota,4707.53401,3372,47.38712,-7.558081647131424,110.82338935232846
,224,0.116343098108,0.00029883726463,33,Jawa Tengah,3373,Kota Salatiga,33,Jawa Tengah,3373,Salatiga,2017,Kota,5395.86146,3373,54.31634,-7.33827127884699,110.49842771998922
,225,0.0772637285205,0.00019389375417,33,Jawa Tengah,3374,Kota Semarang,33,Jawa Tengah,3374,Semarang,2017,Kota,39148.49068,3374,394.0839,-7.020507440989723,110.38964817234185
,226,0.0721410284881,0.000103631067805,33,Jawa Tengah,3375,Kota Pekalongan,33,Jawa Tengah,3375,Pekalongan,2017,Kota,4629.65135,3375,46.60403,-6.893131821863905,109.67782058785632
,227,0.0461691052544,5.8726479935e-05,33,Jawa Tengah,3376,Kota Tegal,33,Jawa Tengah,3376,Tegal,2017,Kota,3949.73544,3376,39.75974,-6.8689354573083365,109.11565760376344
,228,1.95083427818,0.00243480537862,33,Jawa Tengah,3388,Wadung Kedungombo,33,Jawa Tengah,3388,Wadung Kedungombo,2017,,3021.7207,3388,30.41758,-7.282944181324387,110.81464556911006
,229,0.333258309703,0.00154929253588,33,Jawa Tengah,3399,Hutan,33,Jawa Tengah,3399,Hutan,2017,,1922.25468,3399,19.35008,-7.167433261122551,110.35708493139799
,230,0.122827401833,0.000277183814285,34,Daerah Istimewa Yogyakarta,3401,Kulon Progo,34,Daerah Istimewa Yogyakarta,3401,Kulon Progo,2017,Kabupaten,58575.40609,3401,589.62868,-7.818871123551966,110.16740723580469
,231,0.165304516886,0.00106900757389,34,Daerah Istimewa Yogyakarta,3402,Bantul,34,Daerah Istimewa Yogyakarta,3402,Bantul,2017,Kabupaten,52549.76275,3402,528.97228,-7.901669178765105,110.35469212971462
,232,0.165044999555,0.00103398369922,34,Daerah Istimewa Yogyakarta,3403,Gunung Kidul,34,Daerah Istimewa Yogyakarta,3403,Gunung Kidul,2017,Kabupaten,150312.24785,3403,1513.0568,-7.994236619045601,110.61206092207425
,233,0.152124099225,0.00050087926174,34,Daerah Istimewa Yogyakarta,3404,Sleman,34,Daerah Istimewa Yogyakarta,3404,Sleman,2017,Kabupaten,58512.06493,3404,588.99299,-7.7154348316663315,110.38349097097276
,234,0.0482566111267,7.5277051865e-05,34,Daerah Istimewa Yogyakarta,3471,Kota Yogyakarta,34,Daerah Istimewa Yogyakarta,3471,Yogyakarta,2017,Kota,3351.91847,3471,33.74092,-7.803291505954964,110.37435371664128
,235,0.140512276054,0.000708802752525,35,Jawa Timur,3501,Pacitan,35,Jawa Timur,3501,Pacitan,2017,Kabupaten,144734.8567,3501,1456.90804,-8.126217614235411,111.17903272920844
,236,0.210423845197,0.00145324965746,35,Jawa Timur,3502,Ponorogo,35,Jawa Timur,3502,Ponorogo,2017,Kabupaten,144394.47946,3502,1453.49094,-7.931320121469852,111.49936570532776
,237,0.336980105741,0.0014412269652,35,Jawa Timur,3503,Trenggalek,35,Jawa Timur,3503,Trenggalek,2017,Kabupaten,127358.3435,3503,1281.99371,-8.161920885563308,111.62627063485301
,238,0.147618435897,0.00095085461415,35,Jawa Timur,3504,Tulungagung,35,Jawa Timur,3504,Tulungagung,2017,Kabupaten,117362.80642,3504,1181.38015,-8.113254812027218,111.88720203331584
,239,0.20257158905,0.00098005124699,35,Jawa Timur,3505,Blitar,35,Jawa Timur,3505,Blitar,2017,Kabupaten,178959.98594,3505,1801.4196,-8.130109025955555,112.23812949353373
,240,0.166135951947,0.00091989580044,35,Jawa Timur,3506,Kediri,35,Jawa Timur,3506,Kediri,2017,Kabupaten,155158.99104,3506,1561.8528,-7.8288714309496354,112.08963614951986
,241,0.365745703129,0.00218560199517,35,Jawa Timur,3507,Malang,35,Jawa Timur,3507,Malang,2017,Kabupaten,352688.01528,3507,3550.17431,-8.126856949210472,112.64107524720734
,242,0.137525817969,0.00064453786633,35,Jawa Timur,3508,Lumajang,35,Jawa Timur,3508,Lumajang,2017,Kabupaten,184705.60204,3508,1859.25554,-8.125301011033299,113.1375746506189
,243,0.174311749334,0.000906570035685,35,Jawa Timur,3509,Jember,35,Jawa Timur,3509,Jember,2017,Kabupaten,337526.21739,3509,3397.54282,-8.23597854587365,113.65569522626976
,244,0.714694661436,0.0155648940902,35,Jawa Timur,3510,Banyuwangi,35,Jawa Timur,3510,Banyuwangi,2017,Kabupaten,368043.15909,3510,3704.71057,-8.364926627973478,114.20552398840599
,245,0.321239073627,0.000970873519134,35,Jawa Timur,3511,Bondowoso,35,Jawa Timur,3511,Bondowoso,2017,Kabupaten,158553.00914,3511,1596.01164,-7.944023536737516,113.94755044463645
,246,0.243650477063,0.00190007311872,35,Jawa Timur,3512,Situbondo,35,Jawa Timur,3512,Situbondo,2017,Kabupaten,168901.03186,3512,1700.18365,-7.8013125242293615,114.05138036143671
,247,0.141581830498,0.000858520320165,35,Jawa Timur,3513,Probolinggo,35,Jawa Timur,3513,Probolinggo,2017,Kabupaten,175815.31391,3513,1769.78023,-7.866519918228999,113.32086685061878
,248,0.171235953612,0.00105098656544,35,Jawa Timur,3514,Pasuruan,35,Jawa Timur,3514,Pasuruan,2017,Kabupaten,151853.85617,3514,1528.58695,-7.742918212946321,112.83173971315628
,249,0.050018085146,9.00114869798e-05,35,Jawa Timur,3515,Sidoarjo,35,Jawa Timur,3515,Sidoarjo,2017,Kabupaten,73844.00203,3515,743.33301,-7.4520545825833695,112.70135722585869
,250,0.0422403604041,4.78873473998e-05,35,Jawa Timur,3516,Mojokerto,35,Jawa Timur,3516,Mojokerto,2017,Kabupaten,99110.28497,3516,997.66705,-7.54986741850465,112.48524902389521
,251,0.0982457097276,0.000277852222805,35,Jawa Timur,3517,Jombang,35,Jawa Timur,3517,Jombang,2017,Kabupaten,114004.88522,3517,1147.59971,-7.545102315024298,112.26512941136485
,252,0.288165475218,0.00254554260044,35,Jawa Timur,3518,Nganjuk,35,Jawa Timur,3518,Nganjuk,2017,Kabupaten,131305.24569,3518,1321.74706,-7.597422658443768,111.93843847465556
,253,0.107501295776,0.00034855781199,35,Jawa Timur,3519,Madiun,35,Jawa Timur,3519,Madiun,2017,Kabupaten,113739.29105,3519,1144.92341,-7.624222283603833,111.64571615360022
,254,0.169587595535,0.000860016097055,35,Jawa Timur,3520,Magetan,35,Jawa Timur,3520,Magetan,2017,Kabupaten,71458.5189,3520,719.3155,-7.662881128280901,111.35790237163866
,255,0.175158884453,0.00074816412072,35,Jawa Timur,3521,Ngawi,35,Jawa Timur,3521,Ngawi,2017,Kabupaten,141687.37444,3521,1426.26267,-7.4392385086508686,111.34309012110774
,256,0.258800567323,0.00207954174486,35,Jawa Timur,3522,Bojonegoro,35,Jawa Timur,3522,Bojonegoro,2017,Kabupaten,235116.96663,3522,2366.76258,-7.2554327702457195,111.80983737847163
,257,0.137455954583,0.000725484353995,35,Jawa Timur,3523,Tuban,35,Jawa Timur,3523,Tuban,2017,Kabupaten,200649.3061,3523,2019.81761,-6.953135827901162,111.89151235045122
,258,0.158930876868,0.00087935012494,35,Jawa Timur,3524,Lamongan,35,Jawa Timur,3524,Lamongan,2017,Kabupaten,177866.0812,3524,1790.46329,-7.131112465577127,112.30078098817832
,259,0.0889684024567,0.000363027583885,35,Jawa Timur,3525,Gresik,35,Jawa Timur,3525,Gresik,2017,Kabupaten,127131.38924,3525,1279.75661,-6.926869202614068,112.55814823396011
,260,0.0130647682523,8.16261544002e-06,35,Jawa Timur,3526,Bangkalan,35,Jawa Timur,3526,Bangkalan,2017,Kabupaten,132308.89224,3526,1331.87175,-7.044238270956218,112.92961853093335
,261,0.113112454963,0.000574557588695,35,Jawa Timur,3527,Sampang,35,Jawa Timur,3527,Sampang,2017,Kabupaten,124488.67046,3527,1253.15013,-7.051983810509522,113.25626662790758
,262,0.0522573479277,0.000111215432185,35,Jawa Timur,3528,Pamekasan,35,Jawa Timur,3528,Pamekasan,2017,Kabupaten,81026.19719,3528,815.6401,-7.065107508169855,113.50391466611609
,263,0.0658625609074,0.0001472024349,35,Jawa Timur,3529,Sumenep,35,Jawa Timur,3529,Sumenep,2017,Kabupaten,212087.76689,3529,2134.96078,-6.966833774395336,114.40501110021468
,264,0.0974263863431,0.0002920977177,35,Jawa Timur,3571,Kota Kediri,35,Jawa Timur,3571,Kediri,2017,Kota,7047.52667,3571,70.94143,-7.82630476705957,112.01383739813058
,265,0.0475023912664,8.56089319401e-05,35,Jawa Timur,3572,Kota Blitar,35,Jawa Timur,3572,Blitar,2017,Kota,3403.81439,3572,34.263,-8.095024174788081,112.16699674632439
,266,0.0639577881417,0.0002320697577,35,Jawa Timur,3573,Kota Malang,35,Jawa Timur,3573,Malang,2017,Kota,11209.57066,3573,112.83662,-7.978964473041325,112.63637975865777
,267,0.0619653887401,0.000149280891645,35,Jawa Timur,3574,Kota Probolinggo,35,Jawa Timur,3574,Probolinggo,2017,Kota,5595.40904,3574,56.32429,-7.774315119627388,113.20543201306671
,268,0.0705333316743,0.00014626186359,35,Jawa Timur,3575,Kota Pasuruan,35,Jawa Timur,3575,Pasuruan,2017,Kota,3962.75651,3575,39.8899,-7.649688955638756,112.91006798709493
,269,0.0534716683526,0.00012243890989,35,Jawa Timur,3576,Kota Mojokerto,35,Jawa Timur,3576,Mojokerto,2017,Kota,2055.5414,3576,20.6916,-7.471312683661175,112.43743635438446
,270,0.0627066491937,8.98001143899e-05,35,Jawa Timur,3577,Kota Madiun,35,Jawa Timur,3577,Madiun,2017,Kota,3524.1582,3577,35.47491,-7.627983262599412,111.52817621422015
,271,0.0892525821062,0.000313085843635,35,Jawa Timur,3578,Kota Surabaya,35,Jawa Timur,3578,Surabaya,2017,Kota,34139.23635,3578,343.65628,-7.275073393954656,112.72380662893435
,272,0.112968487252,0.000374400626265,35,Jawa Timur,3579,Kota Batu,35,Jawa Timur,3579,Batu,2017,Kota,20000.82204,3579,201.33114,-7.833108849706685,112.53111989983498
,273,2.91835354671,0.0497518751223,36,Banten,3601,Pandeglang,36,Banten,3601,Pandeglang,2017,Kabupaten,281724.2735,3601,2835.97926,-6.590230627261489,105.74298228520841
,274,0.144345273044,0.0010624164897,36,Banten,3602,Lebak,36,Banten,3602,Lebak,2017,Kabupaten,335256.36756,3602,3374.85578,-6.642128938347915,106.21285365156396
,275,0.0911728731763,0.00030560059513,36,Banten,3603,Tangerang,36,Banten,3603,Tangerang,2017,Kabupaten,103856.14203,3603,1045.47981,-6.1746309890286115,106.51851286624441
,276,0.164250120654,0.000947586947685,36,Banten,3604,Serang,36,Banten,3604,Serang,2017,Kabupaten,148403.13088,3604,1493.9184,-6.142218782556982,106.14665476825932
,277,0.0595183917842,0.000117906873445,36,Banten,3671,Kota Tangerang,36,Banten,3671,Tangerang,2017,Kota,18358.26966,3671,184.8056,-6.182869499826618,106.6518227032072
,278,0.12876930692,0.000569859239305,36,Banten,3672,Kota Cilegon,36,Banten,3672,Cilegon,2017,Kota,16608.77296,3672,167.19485,-5.998046785450348,106.01927592674217
,279,0.0898289317414,0.00037479624237,36,Banten,3673,Kota Serang,36,Banten,3673,Serang,2017,Kota,26789.28113,3673,269.67773,-6.123386067592276,106.16629867579529
,280,0.0575521389597,0.0001648066605,36,Banten,3674,Kota Tangerang Selatan,36,Banten,3674,Tangerang Selatan,2017,Kota,16638.79803,3674,167.49584,-6.301847863996328,106.70734097163941
,281,0.320308225328,0.00170918180474,51,Bali,5101,Jembrana,51,Bali,5101,Jembrana,2017,Kabupaten,87155.50842,5101,877.30615,-8.31252270443837,114.6826647939009
,282,0.20043882955,0.000772525519915,51,Bali,5102,Tabanan,51,Bali,5102,Tabanan,2017,Kabupaten,88032.99653,5102,886.13548,-8.428221709828733,115.07877738641022
,283,0.227017756914,0.00210948284816,51,Bali,5103,Badung,51,Bali,5103,Badung,2017,Kabupaten,40390.89645,5103,406.57044,-8.58346725870223,115.18840533719332
,284,0.180767400418,0.00062857420065,51,Bali,5104,Gianyar,51,Bali,5104,Gianyar,2017,Kabupaten,37356.3381,5104,376.02625,-8.480494358632214,115.2875567655051
,285,0.325914033677,0.00220469322974,51,Bali,5105,Klungkung,51,Bali,5105,Klungkung,2017,Kabupaten,32034.46275,5105,322.45456,-8.666548920391307,115.49350271738867
,286,0.130136787943,0.000337986743365,51,Bali,5106,Bangli,51,Bali,5106,Bangli,2017,Kabupaten,53435.81951,5106,537.88456,-8.293590552404062,115.34684316768488
,287,0.0837758833245,0.000255439850505,51,Bali,5107,Karang Asem,51,Bali,5107,Karangasem,2017,Kabupaten,85804.85344,5107,863.70868,-8.374200993455263,115.53007063688295
,288,0.585003711838,0.00914299039016,51,Bali,5108,Buleleng,51,Bali,5108,Buleleng,2017,Kabupaten,133732.10352,5108,1346.15054,-8.200235942141632,114.96257794235507
,289,0.16030867488,0.00082371765187,51,Bali,5171,Kota Denpasar,51,Bali,5171,Denpasar,2017,Kota,12856.80892,5171,129.41489,-8.668357813764176,115.22086623005592
,290,0.495552215687,0.00515516481309,52,Nusa Tenggara Barat,5201,Lombok Barat,52,Nusa Tenggara Barat,5201,Lombok Barat,2017,Kabupaten,94487.9264,5201,951.10272,-8.664408697512396,116.09423484625385
,291,0.280567490038,0.001611320334,52,Nusa Tenggara Barat,5202,Lombok Tengah,52,Nusa Tenggara Barat,5202,Lombok Tengah,2017,Kabupaten,119374.90237,5202,1201.60922,-8.722795829769597,116.28914365339052
,292,0.0639834348694,0.00011456257859,52,Nusa Tenggara Barat,5203,Lombok Timur,52,Nusa Tenggara Barat,5203,Lombok Timur,2017,Kabupaten,164261.15798,5203,1653.43813,-8.533116718958105,116.53066631816635
,293,0.112319104753,0.000457551467595,52,Nusa Tenggara Barat,5204,Sumbawa,52,Nusa Tenggara Barat,5204,Sumbawa,2017,Kabupaten,680125.93765,5204,6846.04641,-8.703221200371717,117.48493808830203
,294,0.439998628149,0.00864170424694,52,Nusa Tenggara Barat,5205,Dompu,52,Nusa Tenggara Barat,5205,Dompu,2017,Kabupaten,233179.01936,5205,2347.16405,-8.472141966031373,118.21680611851356
,295,0.363992411057,0.00267355118347,52,Nusa Tenggara Barat,5206,Bima,52,Nusa Tenggara Barat,5206,Bima,2017,Kabupaten,430172.05216,5206,4330.08193,-8.474763701975414,118.61861995592825
,296,0.437449719407,0.00258359810334,52,Nusa Tenggara Barat,5207,Sumbawa Barat,52,Nusa Tenggara Barat,5207,Sumbawa Barat,2017,Kabupaten,179511.52959,5207,1806.92834,-8.829708937760703,116.91505782417316
,297,0.267306938376,0.00253856378612,52,Nusa Tenggara Barat,5208,Lombok Utara,52,Nusa Tenggara Barat,5208,Lombok Utara,2017,Kabupaten,82928.17651,5208,834.75286,-8.349040795636183,116.28349719153228
,298,0.0466938068451,7.80387083098e-05,52,Nusa Tenggara Barat,5271,Kota Mataram,52,Nusa Tenggara Barat,5271,Mataram,2017,Kota,6156.73405,5271,61.97302,-8.590268831230997,116.11109308466004
,299,0.0509508861629,6.8685496715e-05,52,Nusa Tenggara Barat,5272,Kota Bima,52,Nusa Tenggara Barat,5272,Bima,2017,Kota,21563.09041,5272,217.05272,-8.455799435365842,118.78490654437651
,300,0.197539253058,0.00104123892358,53,Nusa Tenggara Timur,5301,Sumba Barat,53,Nusa Tenggara Timur,5312,Sumba Barat,2017,Kabupaten,73041.54663,5301,735.19998,-9.642180801803377,119.37971407346738
,301,0.176278000116,0.00151872969534,53,Nusa Tenggara Timur,5302,Sumba Timur,53,Nusa Tenggara Timur,5311,Sumba Timur,2017,Kabupaten,719624.08973,5302,7243.31215,-9.87729808135647,120.25496768589083
,302,0.193156577192,0.00156707736259,53,Nusa Tenggara Timur,5303,Kupang,53,Nusa Tenggara Timur,5301,Kupang,2017,Kabupaten,526539.56338,5303,5299.8282,-9.918213637259829,123.85995686090679
,303,0.233783863516,0.00134960599979,53,Nusa Tenggara Timur,5304,Timor Tengah Selatan,53,Nusa Tenggara Timur,5302,Kab Timor Tengah Selatan,2017,Kabupaten,407199.18045,5304,4098.63522,-9.827955804523938,124.39674961673819
,304,0.149001822054,0.000900328094965,53,Nusa Tenggara Timur,5305,Timor Tengah Utara,53,Nusa Tenggara Timur,5303,Timor Tengah Utara,2017,Kabupaten,268634.98936,5305,2703.97376,-9.37753021365492,124.56966764574771
,305,0.260532358364,0.00129142162329,53,Nusa Tenggara Timur,5306,Belu,53,Nusa Tenggara Timur,5304,Belu,2017,Kabupaten,115217.33721,5306,1159.74189,-9.153849827003624,124.9684445880492
,306,0.233702860942,0.00211731251938,53,Nusa Tenggara Timur,5307,Alor,53,Nusa Tenggara Timur,5305,Alor,2017,Kabupaten,300617.85653,5307,3026.01608,-8.303671708671658,124.56876213281349
,307,0.27930197907,0.00267109862585,53,Nusa Tenggara Timur,5308,Lembata,53,Nusa Tenggara Timur,5313,Lembata,2017,Kabupaten,128636.57038,5308,1294.85099,-8.380280709360466,123.542344526975
,308,0.184072100797,0.00172781099092,53,Nusa Tenggara Timur,5309,Flores Timur,53,Nusa Tenggara Timur,5306,Flores Timur,2017,Kabupaten,178583.31362,5309,1797.61396,-8.365094347184668,122.94442274719088
,309,0.167105477818,0.00128183904545,53,Nusa Tenggara Timur,5310,Sikka,53,Nusa Tenggara Timur,5307,Sikka,2017,Kabupaten,173345.24447,5310,1744.87325,-8.6086620621142,122.30372135527575
,310,0.162845110069,0.000837359642875,53,Nusa Tenggara Timur,5311,Ende,53,Nusa Tenggara Timur,5308,Ende,2017,Kabupaten,211561.30027,5311,2129.54659,-8.67723952109192,121.73413180929138
,311,0.210101901632,0.000688011058716,53,Nusa Tenggara Timur,5312,Ngada,53,Nusa Tenggara Timur,5309,Ngada,2017,Kabupaten,175252.19713,5312,1764.06476,-8.667527083860396,121.00118186711705
,312,0.206489091598,0.000997206052384,53,Nusa Tenggara Timur,5313,Manggarai,53,Nusa Tenggara Timur,5310,Manggarai,2017,Kabupaten,137175.64254,5313,1380.79603,-8.56936108974567,120.40152206860398
,313,0.343936521129,0.00241699358587,53,Nusa Tenggara Timur,5314,Rote Ndao,53,Nusa Tenggara Timur,5314,Rote Ndao,2017,Kabupaten,133183.05418,5314,1340.49547,-10.726035534908306,123.12435711883164
,314,3.43500274562,0.0289541173654,53,Nusa Tenggara Timur,5315,Manggarai Barat,53,Nusa Tenggara Timur,5315,Manggarai Barat,2017,Kabupaten,320707.12113,5315,3228.20157,-8.602543458665204,119.98892113580355
,315,0.0816824066437,0.000291155731715,53,Nusa Tenggara Timur,5316,Sumba Tengah,53,Nusa Tenggara Timur,5317,Sumba Tengah,2017,Kabupaten,186538.92072,5316,1877.61506,-9.547713224677326,119.66562263710986
,316,0.08950147825,0.000390668998945,53,Nusa Tenggara Timur,5317,Sumba Barat Daya,53,Nusa Tenggara Timur,5318,Sumba Barat Daya,2017,Kabupaten,144514.44027,5317,1454.61672,-9.534243252412821,119.18003654738783
,317,0.0892078087853,0.000294700841565,53,Nusa Tenggara Timur,5318,Nagekeo,53,Nusa Tenggara Timur,5316,Nagekeo,2017,Kabupaten,144525.97376,5318,1454.77774,-8.688708669769012,121.27301155096663
,318,0.132003681228,0.000574354816245,53,Nusa Tenggara Timur,5319,Manggarai Timur,53,Nusa Tenggara Timur,5319,Manggarai Timur,2017,Kabupaten,245556.09356,5319,2471.74242,-8.571655003364476,120.69059405971481
,319,0.162276572309,0.000831264705575,53,Nusa Tenggara Timur,5320,Sabu Raijua,53,Nusa Tenggara Timur,5320,Sabu Raijua,2017,Kabupaten,47686.11375,5320,479.96749,-10.535743351329183,121.84435440613218
,320,0.148778749811,0.000954138689519,53,Nusa Tenggara Timur,5321,Malaka,53,Nusa Tenggara Timur,5321,Malaka,2017,Kabupaten,114738.85604,5321,1154.90975,-9.521768984672997,124.88932013063582
,321,0.222371868158,0.00228319720731,53,Nusa Tenggara Timur,5371,Kota Kupang,53,Nusa Tenggara Timur,5371,Kupang,2017,Kota,16047.30851,5371,161.52065,-10.204297644817244,123.6071839720373
,322,0.142130941553,0.00107903598116,61,Kalimantan Barat,6101,Sambas,61,Kalimantan Barat,6101,Sambas,2017,Kabupaten,582147.57578,6101,5860.6844,1.429969837468297,109.34638469723929
,323,0.403966583797,0.00476093330896,61,Kalimantan Barat,6102,Bengkayang,61,Kalimantan Barat,6107,Bengkayang,2017,Kabupaten,563457.36104,6102,5672.53541,1.0120337452738288,109.56443931651567
,324,0.937851868385,0.013297067493,61,Kalimantan Barat,6103,Landak,61,Kalimantan Barat,6108,Landak,2017,Kabupaten,825356.23226,6103,8309.18175,0.5165585615059111,109.77118030315103
,325,0.455650130019,0.00462628479306,61,Kalimantan Barat,6104,Mempawah,61,Kalimantan Barat,6102,Mempawah,2017,Kabupaten,200198.17901,6104,2015.4735,0.35833526438485697,109.15602514229013
,326,0.960463613565,0.0320745132464,61,Kalimantan Barat,6105,Sanggau,61,Kalimantan Barat,6103,Sanggau,2017,Kabupaten,1275797.39724,6105,12843.95054,0.2686857480038473,110.43207636705193
,327,0.731692642771,0.025618606208,61,Kalimantan Barat,6106,Ketapang,61,Kalimantan Barat,6104,Ketapang,2017,Kabupaten,2977262.9369,6106,29973.08744,-1.6332240115575,110.61387416347104
,328,0.472642783511,0.00827116962093,61,Kalimantan Barat,6107,Sintang,61,Kalimantan Barat,6105,Sintang,2017,Kabupaten,2240173.17415,6107,22552.69979,0.09263589934171242,112.07152422968528
,329,0.320747222045,0.00545101056751,61,Kalimantan Barat,6108,Kapuas Hulu,61,Kalimantan Barat,6106,Kapuas Hulu,2017,Kabupaten,3112608.6052,6108,31335.80748,0.8352381511761106,112.81087616535683
,330,0.347972606403,0.00546105863117,61,Kalimantan Barat,6109,Sekadau,61,Kalimantan Barat,6109,Sekadau,2017,Kabupaten,570120.42939,6109,5739.62614,-0.0038791314102325104,110.9513185688061
,331,0.675088483637,0.0157809392517,61,Kalimantan Barat,6110,Melawi,61,Kalimantan Barat,6110,Melawi,2017,Kabupaten,1002618.2991,6110,10093.74479,-0.6326354218771204,111.72757674162632
,332,0.494836644429,0.0118039173735,61,Kalimantan Barat,6111,Kayong Utara,61,Kalimantan Barat,6111,Kayong Utara,2017,Kabupaten,462095.79415,6111,4652.08927,-1.091862906946181,109.92513952489408
,333,0.68927146696,0.012684155858,61,Kalimantan Barat,6112,Kubu Raya,61,Kalimantan Barat,6112,Kubu Raya,2017,Kabupaten,859845.70182,6112,8656.40225,-0.38674076918612454,109.53747417543059
,334,0.0440136345777,4.7087689815e-05,61,Kalimantan Barat,6171,Kota Pontianak,61,Kalimantan Barat,6171,Pontianak,2017,Kota,10843.14332,6171,109.16221,-0.02522545627472316,109.33141043323172
,335,0.332721100648,0.00452203275025,61,Kalimantan Barat,6172,Kota Singkawang,61,Kalimantan Barat,6172,Singkawang,2017,Kota,45108.36386,6172,454.12296,0.8985240195732173,109.03489212752679
,336,0.43617848426,0.00968816383432,62,Kalimantan Tengah,6201,Kotawaringin Barat,62,Kalimantan Tengah,6201,Kotawaringin Barat,2017,Kabupaten,839766.58555,6201,8454.1478,-2.5456909214682857,111.74686194967609
,337,0.351603664012,0.00149332653381,62,Kalimantan Tengah,6202,Kotawaringin Timur,62,Kalimantan Tengah,6202,Kotawaringin Timur,2017,Kabupaten,1572175.85845,6202,15827.57057,-2.064989919410805,112.71302993951855
,338,0.234384702875,0.0021202686173,62,Kalimantan Tengah,6203,Kapuas,62,Kalimantan Tengah,6203,Kapuas,2017,Kabupaten,1731740.75105,6203,17433.9897,-1.74785070749573,114.29802530756368
,339,0.294316593077,0.00238420145236,62,Kalimantan Tengah,6204,Barito Selatan,62,Kalimantan Tengah,6204,Barito Selatan,2017,Kabupaten,664053.41189,6204,6685.24191,-1.801865359244946,114.92403688518849
,340,0.389070714625,0.00765698219633,62,Kalimantan Tengah,6205,Barito Utara,62,Kalimantan Tengah,6205,Barito Utara,2017,Kabupaten,993730.14598,6205,10004.25431,-0.9330650695788691,115.13473254144995
,341,0.2380972307,0.00286232987312,62,Kalimantan Tengah,6206,Sukamara,62,Kalimantan Tengah,6208,Sukamara,2017,Kabupaten,329040.59442,6206,3312.5346,-2.6230390372949848,111.16090519396862
,342,0.308737069773,0.00314045788138,62,Kalimantan Tengah,6207,Lamandau,62,Kalimantan Tengah,6209,Lamandau,2017,Kabupaten,732760.95458,6207,7376.94441,-1.8011215799644358,111.40667879322267
,343,1.63630136573,0.05582960926,62,Kalimantan Tengah,6208,Seruyan,62,Kalimantan Tengah,6207,Seruyan,2017,Kabupaten,1663851.50587,6208,16750.44974,-2.2830091015227243,112.17627058319033
,344,0.772752187263,0.00910085243691,62,Kalimantan Tengah,6209,Katingan,62,Kalimantan Tengah,6206,Katingan,2017,Kabupaten,1942236.01725,6209,19553.11762,-1.6998763116309106,113.05983209066288
,345,0.613862628013,0.0178887146071,62,Kalimantan Tengah,6210,Pulang Pisau,62,Kalimantan Tengah,6211,Pulang Pisau,2017,Kabupaten,976293.68297,6210,9828.58234,-2.716050586507444,113.95521249515562
,346,0.519432766818,0.0111473597013,62,Kalimantan Tengah,6211,Gunung Mas,62,Kalimantan Tengah,6210,Gunung Mas,2017,Kabupaten,1010600.97393,6211,10174.09486,-1.025667237910998,113.53316192615935
,347,0.875349002579,0.0322282401774,62,Kalimantan Tengah,6212,Barito Timur,62,Kalimantan Tengah,6213,Barito Timur,2017,Kabupaten,329667.54828,6212,3318.8667,-1.9781858653198352,115.15964457271579
,348,0.306162220873,0.00554771469829,62,Kalimantan Tengah,6213,Murung Raya,62,Kalimantan Tengah,6212,Murung Raya,2017,Kabupaten,2386636.8176,6213,24027.20792,-0.03091398667127993,114.2791010177853
,349,0.15153272858,0.0006738092817,62,Kalimantan Tengah,6271,Kota Palangka Raya,62,Kalimantan Tengah,6271,Palangka Raya,2017,Kota,260553.35659,6271,2623.07149,-2.0184573277309483,113.76907093795421
,350,0.548169822576,0.016749917232,63,Kalimantan Selatan,6301,Tanah Laut,63,Kalimantan Selatan,6301,Tanah Laut,2017,Kabupaten,385915.39302,6301,3885.04714,-3.8188206233003856,114.90339051664773
,351,0.149199669461,0.000641524714414,63,Kalimantan Selatan,6302,Kota Baru,63,Kalimantan Selatan,6302,Kotabaru,2017,Kabupaten,919929.07032,6302,9261.11708,-2.9869711970807873,116.06540100677636
,352,0.249878936819,0.00213213607295,63,Kalimantan Selatan,6303,Banjar,63,Kalimantan Selatan,6303,Banjar,2017,Kabupaten,474093.37568,6303,4772.77791,-3.3182526363359104,115.08834626802735
,353,0.404451951755,0.00410960997388,63,Kalimantan Selatan,6304,Barito Kuala,63,Kalimantan Selatan,6304,Barito Kuala,2017,Kabupaten,238666.96214,6304,2402.70762,-3.0903199065354174,114.6260716781393
,354,0.122576293735,0.000640698970391,63,Kalimantan Selatan,6305,Tapin,63,Kalimantan Selatan,6305,Tapin,2017,Kabupaten,219712.77901,6305,2211.89669,-2.9246706926356616,115.04784371771025
,355,0.256215152618,0.0017670517209,63,Kalimantan Selatan,6306,Hulu Sungai Selatan,63,Kalimantan Selatan,6306,Hulu Sungai Selatan,2017,Kabupaten,170087.32337,6306,1712.31025,-2.7282749058159417,115.20686770152552
,356,0.0617483407312,0.000170912843654,63,Kalimantan Selatan,6307,Hulu Sungai Tengah,63,Kalimantan Selatan,6307,Hulu Sungai Tengah,2017,Kabupaten,166648.53737,6307,1677.69346,-2.603491692591009,115.50213492251886
,357,0.245535458289,0.00186813239735,63,Kalimantan Selatan,6308,Hulu Sungai Utara,63,Kalimantan Selatan,6308,Hulu Sungai Utara,2017,Kabupaten,89213.17928,6308,898.13339,-2.4420701629729797,115.1570756215227
,358,0.203051219197,0.0011828211446,63,Kalimantan Selatan,6309,Tabalong,63,Kalimantan Selatan,6309,Tabalong,2017,Kabupaten,316281.28294,6309,3184.10507,-1.8860139504072033,115.51647774071279
,359,0.245051257259,0.00231157171595,63,Kalimantan Selatan,6310,Tanah Bumbu,63,Kalimantan Selatan,6310,Tanah Bumbu,2017,Kabupaten,472236.65993,6310,4754.07756,-3.4473565814109617,115.65456661548228
,360,0.137490507161,0.000799649019969,63,Kalimantan Selatan,6311,Balangan,63,Kalimantan Selatan,6311,Balangan,2017,Kabupaten,190548.14727,6311,1918.30237,-2.3191394308983333,115.64216901304246
,361,0.136816962105,0.000983467998675,63,Kalimantan Selatan,6371,Kota Banjarmasin,63,Kalimantan Selatan,6371,Banjarmasin,2017,Kota,9822.36562,6371,98.8834,-3.3293462877962026,114.59191351594649
,362,0.19833682262,0.00130112416272,63,Kalimantan Selatan,6372,Kota Banjar Baru,63,Kalimantan Selatan,6372,Banjar Baru,2017,Kota,32458.69582,6372,326.76647,-3.47644399931756,114.81839100590503
,363,0.550387688548,0.0101647877175,64,Kalimantan Timur,6401,Paser,64,Kalimantan Timur,6401,Paser,2017,Kabupaten,1063076.42035,6401,10702.34185,-1.7332628113703166,116.09352565984182
,364,0.757821204219,0.0257199779621,64,Kalimantan Timur,6402,Kutai Barat,64,Kalimantan Timur,6407,Kutai Barat,2017,Kabupaten,1366298.23472,6402,13755.05373,-0.5059553444317486,115.83378504956966
,365,0.422457492846,0.00769205545142,64,Kalimantan Timur,6403,Kutai Kartanegara,64,Kalimantan Timur,6402,Kutai Kartanegara,2017,Kabupaten,2522252.59533,6403,25392.49203,0.08674093911330005,116.51267116110702
,366,1.74131864987,0.114682443745,64,Kalimantan Timur,6404,Kutai Timur,64,Kalimantan Timur,6408,Kutai Timur,2017,Kabupaten,3146485.78448,6404,31676.84623,0.9577274654611032,117.13841593558853
,367,1.13442943131,0.0594092153408,64,Kalimantan Timur,6405,Berau,64,Kalimantan Timur,6403,Berau,2017,Kabupaten,2255687.06123,6405,22708.71442,1.9283839982423394,117.30377903566625
,368,0.165693049578,0.00159865346815,64,Kalimantan Timur,6409,Penajam Paser Utara,64,Kalimantan Timur,6409,Penajam Paser Utara,2017,Kabupaten,323507.52577,6409,3256.86888,-1.1569511645252681,116.59675158527823
,369,1.46615765089,0.0727149325528,64,Kalimantan Timur,6411,Mahakam Hulu,64,Kalimantan Timur,6411,Mahakam Ulu,2017,Kabupaten,1812375.93423,6411,18245.87955,0.7193701324654842,114.87159673378106
,370,0.0737858268417,0.00023981256469,64,Kalimantan Timur,6471,Kota Balikpapan,64,Kalimantan Timur,6471,Balikpapan,2017,Kota,54245.43741,6471,546.10874,-1.1593695505398638,116.86560429184887
,371,0.246447216273,0.00218800403477,64,Kalimantan Timur,6472,Kota Samarinda,64,Kalimantan Timur,6472,Samarinda,2017,Kota,72451.44387,6472,729.39692,-0.500724642900534,117.17870684223568
,372,0.689725243798,0.00760268357694,64,Kalimantan Timur,6474,Kota Bontang,64,Kalimantan Timur,6474,Bontang,2017,Kota,16558.57003,6474,166.70166,0.09073134184294257,117.45715143124094
,373,1.9909054109,0.0918905960715,65,Kalimantan Utara,6501,Malinau,65,Kalimantan Utara,6502,Malinau,2017,Kabupaten,3999423.00492,6501,40263.21894,2.478197327264458,115.71684766849422
,374,2.75201413146,0.132351186242,65,Kalimantan Utara,6502,Bulungan,65,Kalimantan Utara,6501,Bulungan,2017,Kabupaten,1274201.99998,6502,12827.68529,2.814671316085301,117.03748834756485
,375,0.363208083638,0.00496673944416,65,Kalimantan Utara,6503,Tana Tidung,65,Kalimantan Utara,6504,Tana Tidung,2017,Kabupaten,292896.37529,6503,2948.62767,3.5517390187857774,117.16711529146264
,376,0.445531484793,0.00726947576925,65,Kalimantan Utara,6504,Nunukan,65,Kalimantan Utara,6503,Nunukan,2017,Kabupaten,1425326.09843,6504,14348.85329,3.994608092541799,116.66301427031198
,377,0.224502848646,0.000751659340579,65,Kalimantan Utara,6571,Kota Tarakan,65,Kalimantan Utara,6571,Tarakan,2017,Kota,25183.64602,6571,253.52788,3.3594056365995613,117.59951132082057
,378,0.248160645005,0.00207340789163,71,Sulawesi Utara,7101,Bolaang Mongondow,71,Sulawesi Utara,7101,Bolaang Mongondow,2017,Kabupaten,323808.28203,7101,3259.90242,0.7079298002982987,124.0402735102605
,379,0.0916135824565,0.0003240298155,71,Sulawesi Utara,7102,Minahasa,71,Sulawesi Utara,7102,Minahasa,2017,Kabupaten,111120.00217,7102,1118.68533,1.254683946714502,124.85416947353445
,380,0.0627594832412,5.95285698249e-05,71,Sulawesi Utara,7103,Kepulauan Sangihe,71,Sulawesi Utara,7103,Kepulauan Sangihe,2017,Kabupaten,60204.56399,7103,606.08753,3.550699306634365,125.5413046408275
,381,0.084852792622,0.000234463806016,71,Sulawesi Utara,7104,Kepulauan Talaud,71,Sulawesi Utara,7104,Kepulauan Talaud,2017,Kabupaten,101886.6919,7104,1025.69617,4.22564864085994,126.78163357385398
,382,0.0954824695833,0.00030542417039,71,Sulawesi Utara,7105,Minahasa Selatan,71,Sulawesi Utara,7105,Minahasa Selatan,2017,Kabupaten,148575.68228,7105,1495.76643,1.0845923186501887,124.52104989681241
,383,0.172443974945,0.000848145197356,71,Sulawesi Utara,7106,Minahasa Utara,71,Sulawesi Utara,7106,Minahasa Utara,2017,Kabupaten,101613.85216,7106,1022.98174,1.5491395534727643,125.00805318715162
,384,0.420327480997,0.00507407647084,71,Sulawesi Utara,7107,Bolaang Mongondow Utara,71,Sulawesi Utara,7108,Bolaang Mongondow Utara,2017,Kabupaten,167557.00086,7107,1686.86045,0.7679520228650861,123.48113248329724
,385,0.106193808034,0.000330982957995,71,Sulawesi Utara,7108,Siau Tagulandang Biaro,71,Sulawesi Utara,7109,Kep. Siau Tagulandang Biaro,2017,Kabupaten,22044.50991,7108,221.92785,2.539823821830396,125.397015817234
,386,0.183144826274,0.0003034648583,71,Sulawesi Utara,7109,Minahasa Tenggara,71,Sulawesi Utara,7107,Minahasa Tenggara,2017,Kabupaten,70374.73,7109,708.48872,1.010283964466255,124.72189642762316
,387,0.19782996957,0.000485717962005,71,Sulawesi Utara,7110,Bolaang Mongondow Selatan,71,Sulawesi Utara,7111,Bolaang Mongondow Selatan,2017,Kabupaten,180019.59391,7110,1812.32761,0.4442332840084854,123.93289683588831
,388,0.286342101082,0.0018425048339,71,Sulawesi Utara,7111,Bolaang Mongondow Timur,71,Sulawesi Utara,7110,Bolaang Mongondow Timur,2017,Kabupaten,87897.48754,7111,884.89777,0.7194460013161875,124.51221849509507
,389,0.0845997102047,0.00024884880124,71,Sulawesi Utara,7171,Kota Manado,71,Sulawesi Utara,7171,Manado,2017,Kota,16103.87863,7171,162.12334,1.524707419530354,124.8485574863175
,390,0.0986601967817,0.000348527754506,71,Sulawesi Utara,7172,Kota Bitung,71,Sulawesi Utara,7172,Bitung,2017,Kota,31120.44456,7172,313.3004,1.4847766531980933,125.16143005138986
,391,0.0743215477143,0.000228551888955,71,Sulawesi Utara,7173,Kota Tomohon,71,Sulawesi Utara,7173,Tomohon,2017,Kota,15045.90552,7173,151.47253,1.3243124088506133,124.81490008204054
,392,0.112473136514,0.0003558248762,71,Sulawesi Utara,7174,Kota Kotamobagu,71,Sulawesi Utara,7174,Kotamobagu,2017,Kota,10676.65899,7174,107.48603,0.7107966566528764,124.31906282643699
,393,0.489435862958,0.00434100636996,71,Sulawesi Utara,7188,Danau,71,Sulawesi Utara,7188,Danau,2017,,5344.52621,7188,53.8053,1.1703153091073697,124.84418932306428
,394,0.100788819712,0.000513520733285,72,Sulawesi Tengah,7201,Banggai Kepulauan,72,Sulawesi Tengah,7207,Banggai Kepulauan,2017,Kabupaten,236632.94792,7201,2382.26815,-1.3722257733725756,123.14378275215064
,395,0.198993490173,0.00176870597827,72,Sulawesi Tengah,7202,Banggai,72,Sulawesi Tengah,7201,Banggai,2017,Kabupaten,832228.97901,7202,8378.35899,-1.020828251781165,122.58364281517858
,396,0.0298552414372,2.740287706e-05,72,Sulawesi Tengah,7203,Morowali,72,Sulawesi Tengah,7206,Morowali,2017,Kabupaten,414458.13837,7203,4172.45127,-2.6938581437564455,121.91358340989603
,397,0.466802438856,0.0103700951413,72,Sulawesi Tengah,7204,Poso,72,Sulawesi Tengah,7202,Poso,2017,Kabupaten,731957.22676,7204,7368.85908,-1.6808249699790456,120.52109200580095
,398,0.265605787926,0.00304952885839,72,Sulawesi Tengah,7205,Donggala,72,Sulawesi Tengah,7203,Donggala,2017,Kabupaten,490701.52061,7205,4940.08024,-0.3958714227224924,119.83572137225427
,399,0.488981418624,0.00323722849322,72,Sulawesi Tengah,7206,Toli-Toli,72,Sulawesi Tengah,7204,Toli Toli,2017,Kabupaten,359084.37407,7206,3615.0376,0.9260110160801454,120.71892293624599
,400,0.24618421357,0.00166653518736,72,Sulawesi Tengah,7207,Buol,72,Sulawesi Tengah,7205,Buol,2017,Kabupaten,386586.8954,7207,3891.91524,0.9779759812140192,121.37277864029174
,401,0.230186211064,0.0015726233912,72,Sulawesi Tengah,7208,Parigi Moutong,72,Sulawesi Tengah,7208,Parigi Moutong,2017,Kabupaten,578247.15839,7208,5821.43765,0.01664653718969129,120.45141157785831
,402,0.416464515227,0.00163232891442,72,Sulawesi Tengah,7209,Tojo Una-Una,72,Sulawesi Tengah,7209,Tojo Una Una,2017,Kabupaten,544922.22359,7209,5485.93212,-1.1123704901227183,121.57623490117771
,403,0.658410953999,0.0139394923767,72,Sulawesi Tengah,7210,Sigi,72,Sulawesi Tengah,7210,Sigi,2017,Kabupaten,543131.93681,7210,5467.90069,-1.4084885754863068,119.97044127960675
,404,0.0738238196222,0.00026046859174,72,Sulawesi Tengah,7211,Banggai Laut,72,Sulawesi Tengah,7211,Banggai Laut,2017,Kabupaten,68453.30322,7211,689.14191,-1.7888517867987404,123.53460720792536
,405,0.420439144679,0.00728889018344,72,Sulawesi Tengah,7212,Morowali Utara,72,Sulawesi Tengah,7212,Morowali Utara,2017,Kabupaten,895907.02283,7212,9019.38796,-1.8145575821299407,121.38496712685117
,406,0.0288822295434,4.34547732801e-05,72,Sulawesi Tengah,7271,Kota Palu,72,Sulawesi Tengah,7271,Palu,2017,Kota,38856.56993,7271,391.18388,-0.8298028204813959,119.90997383754002
,407,0.331770951035,0.00371047719929,73,Sulawesi Selatan,7301,Kepulauan Selayar,73,Sulawesi Selatan,7301,Kepulauan Selayar,2017,Kabupaten,118900.06435,7301,1196.90847,-6.561885064178744,120.71525321468097
,408,0.169315446648,0.00102902258485,73,Sulawesi Selatan,7302,Bulukumba,73,Sulawesi Selatan,7302,Bulukumba,2017,Kabupaten,117622.77713,7302,1184.08389,-5.432469210346689,120.23600655247216
,409,0.0654159717078,0.00014748844589,73,Sulawesi Selatan,7303,Bantaeng,73,Sulawesi Selatan,7303,Bantaeng,2017,Kabupaten,40249.82775,7303,405.1861,-5.48818963820113,119.98691130771574
,410,0.129394333355,0.00070167589381,73,Sulawesi Selatan,7304,Jeneponto,73,Sulawesi Selatan,7304,Jeneponto,2017,Kabupaten,80376.46967,7304,809.13067,-5.567517226647006,119.69844683627885
,411,0.141687120632,0.000710040454609,73,Sulawesi Selatan,7305,Takalar,73,Sulawesi Selatan,7305,Takalar,2017,Kabupaten,57817.44324,7305,582.03627,-5.419755829850611,119.47055758929334
,412,0.104655236082,0.00036318351437,73,Sulawesi Selatan,7306,Gowa,73,Sulawesi Selatan,7306,Gowa,2017,Kabupaten,182037.33535,7306,1832.53667,-5.309278930783019,119.71872707452646
,413,0.321451020759,0.00282295811204,73,Sulawesi Selatan,7307,Sinjai,73,Sulawesi Selatan,7307,Sinjai,2017,Kabupaten,87825.9554,7307,884.12977,-5.209746428804532,120.13586687957275
,414,0.171362064091,0.000910241475726,73,Sulawesi Selatan,7308,Maros,73,Sulawesi Selatan,7309,Maros,2017,Kabupaten,145206.24987,7308,1461.77427,-5.000696327514021,119.7247490450224
,415,0.543888356526,0.0011126834495,73,Sulawesi Selatan,7309,Pangkajene Dan Kepulauan,73,Sulawesi Selatan,7310,Pangkajene Kepulauan,2017,Kabupaten,88827.33025,7309,894.21487,-4.939837253159422,119.47868449327513
,416,0.221968363445,0.00243628659639,73,Sulawesi Selatan,7310,Barru,73,Sulawesi Selatan,7311,Barru,2017,Kabupaten,119580.90716,7310,1203.8198,-4.441677904311638,119.69414528310529
,417,0.400526856421,0.00661042261335,73,Sulawesi Selatan,7311,Bone,73,Sulawesi Selatan,7308,Bone,2017,Kabupaten,462914.17914,7311,4660.13039,-4.69481489107113,120.12958587291901
,418,0.120534278666,0.000879423872014,73,Sulawesi Selatan,7312,Soppeng,73,Sulawesi Selatan,7312,Soppeng,2017,Kabupaten,136907.04475,7312,1378.24444,-4.339045666325047,119.89211090141553
,419,0.176857556767,0.00106959915715,73,Sulawesi Selatan,7313,Wajo,73,Sulawesi Selatan,7313,Wajo,2017,Kabupaten,251695.20745,7313,2533.83213,-4.0065376597868605,120.17100020113
,420,0.313749442483,0.00316723627759,73,Sulawesi Selatan,7314,Sidenreng Rappang,73,Sulawesi Selatan,7314,Sidenreng Rappang,2017,Kabupaten,198935.90464,7314,2002.70711,-3.8072903094978994,119.97142678938624
,421,0.0246831702723,3.2101512895e-05,73,Sulawesi Selatan,7315,Pinrang,73,Sulawesi Selatan,7315,Pinrang,2017,Kabupaten,191792.42759,7315,1930.79838,-3.6224569765611743,119.59991636023922
,422,0.278729632005,0.00305427041766,73,Sulawesi Selatan,7316,Enrekang,73,Sulawesi Selatan,7316,Enrekang,2017,Kabupaten,183152.45131,7316,1843.8219,-3.503723977200986,119.87202985205336
,423,0.125756884221,0.000814963000399,73,Sulawesi Selatan,7317,Luwu,73,Sulawesi Selatan,7317,Luwu,2017,Kabupaten,290747.93236,7317,2927.01285,-3.1985484712593237,120.18254653138312
,424,0.327796787653,0.00512198541511,73,Sulawesi Selatan,7318,Tana Toraja,73,Sulawesi Selatan,7318,Tana Toraja,2017,Kabupaten,202810.99275,7318,2041.73809,-3.10851239609031,119.71237539504907
,425,0.694408926292,0.0162084941901,73,Sulawesi Selatan,7322,Luwu Utara,73,Sulawesi Selatan,7322,Luwu Utara,2017,Kabupaten,758163.07235,7322,7632.63711,-2.394945844819459,120.16072592296938
,426,0.63076781461,0.00432699201367,73,Sulawesi Selatan,7325,Luwu Timur,73,Sulawesi Selatan,7324,Luwu Timur,2017,Kabupaten,672326.6367,7325,6768.48756,-2.5506780734644283,121.1385182487634
,427,0.0762083092827,0.000270350717985,73,Sulawesi Selatan,7326,Toraja Utara,73,Sulawesi Selatan,7326,Toraja Utara,2017,Kabupaten,124194.45456,7326,1250.29334,-2.8881793897007255,119.86893361264687
,428,0.0324136414329,2.43545770249e-05,73,Sulawesi Selatan,7371,Kota Makassar,73,Sulawesi Selatan,7371,Makassar,2017,Kota,18434.88368,7371,185.58131,-5.133417576267245,119.46114643830622
,429,0.221576579158,0.00171704142836,73,Sulawesi Selatan,7372,Kota Parepare,73,Sulawesi Selatan,7372,Parepare,2017,Kota,8812.86871,7372,88.7197,-4.029351701078474,119.66160212311384
,430,0.0719637190758,0.000230454611695,73,Sulawesi Selatan,7373,Kota Palopo,73,Sulawesi Selatan,7373,Palopo,2017,Kota,28172.96884,7373,283.62327,-2.9804740323489325,120.14788227898318
,431,0.104956616632,0.000532528613944,74,Sulawesi Tenggara,7401,Buton,74,Sulawesi Tenggara,7404,Buton,2017,Kabupaten,166778.53925,7401,1678.92902,-5.312806972636647,122.92447842029794
,432,0.141376643904,0.00117487696789,74,Sulawesi Tenggara,7402,Muna,74,Sulawesi Tenggara,7403,Muna,2017,Kabupaten,195628.13301,7402,1969.36783,-4.93950199191677,122.63860039352541
,433,0.132199156827,0.000577580670685,74,Sulawesi Tenggara,7403,Konawe,74,Sulawesi Tenggara,7402,Konawe,2017,Kabupaten,509026.05793,7403,5124.43519,-3.5253946861663024,121.88615783244353
,434,0.297621352768,0.00188247687675,74,Sulawesi Tenggara,7404,Kolaka,74,Sulawesi Tenggara,7401,Kolaka,2017,Kabupaten,309161.05373,7404,3112.34076,-4.074941350464884,121.52935628760623
,435,0.196895909878,0.000881855634936,74,Sulawesi Tenggara,7405,Konawe Selatan,74,Sulawesi Tenggara,7405,Konawe Selatan,2017,Kabupaten,427503.80086,7405,4303.6903,-4.2626521810580105,122.42083547140172
,436,0.287797729389,0.0033876729034,74,Sulawesi Tenggara,7406,Bombana,74,Sulawesi Tenggara,7406,Bombana,2017,Kabupaten,335746.59558,7406,3379.93475,-4.7978437510086955,121.8512758026264
,437,0.141195907979,0.00103128992787,74,Sulawesi Tenggara,7407,Wakatobi,74,Sulawesi Tenggara,7407,Wakatobi,2017,Kabupaten,46758.6863,7407,470.7084,-5.57073394620619,123.78490034205325
,438,0.0915747531438,0.000406622370345,74,Sulawesi Tenggara,7408,Kolaka Utara,74,Sulawesi Tenggara,7408,Kolaka Utara,2017,Kabupaten,326105.28649,7408,3282.95986,-3.2454609822046536,121.1519235658838
,439,0.342617330368,0.00415618724669,74,Sulawesi Tenggara,7409,Buton Utara,74,Sulawesi Tenggara,7410,Buton Utara,2017,Kabupaten,167540.05909,7409,1686.61617,-4.695606567787955,123.01743801306475
,440,0.138941741556,0.000577342772344,74,Sulawesi Tenggara,7410,Konawe Utara,74,Sulawesi Tenggara,7409,Konawe Utara,2017,Kabupaten,469626.75415,7410,4727.80736,-3.385155741498977,121.99693076917282
,441,0.278017514548,0.00360427153521,74,Sulawesi Tenggara,7411,Kolaka Timur,74,Sulawesi Tenggara,7411,Kolaka Timur,2017,Kabupaten,373501.31835,7411,3760.07424,-3.795358014136125,121.61223761433818
,442,0.247265829632,0.00185008125805,74,Sulawesi Tenggara,7412,Konawe Kepulauan,74,Sulawesi Tenggara,7412,Konawe Kepulauan,2017,Kabupaten,71573.9532,7412,720.53842,-4.114415857468587,123.0950540658955
,443,0.0889380278679,0.000507933102926,74,Sulawesi Tenggara,7413,Muna Barat,74,Sulawesi Tenggara,7413,Muna Barat,2017,Kabupaten,81993.1206,7413,825.41814,-4.817475718396876,122.49314358519419
,444,0.267221516294,0.00195706355045,74,Sulawesi Tenggara,7414,Buton Tengah,74,Sulawesi Tenggara,7414,Buton Tengah,2017,Kabupaten,85343.75209,7414,859.13986,-5.316823821936229,122.39897465856188
,445,0.0450545407691,8.45853314353e-05,74,Sulawesi Tenggara,7415,Buton Selatan,74,Sulawesi Tenggara,7415,Buton Selatan,2017,Kabupaten,54485.97213,7415,548.49675,-5.605820914082521,122.6772899869363
,446,0.0731166443344,0.00013412867955,74,Sulawesi Tenggara,7471,Kota Kendari,74,Sulawesi Tenggara,7471,Kendari,2017,Kota,27045.6707,7471,272.27058,-4.000395568535314,122.5326209280227
,447,0.146077650942,0.000977892516855,74,Sulawesi Tenggara,7472,Kota Baubau,74,Sulawesi Tenggara,7472,Baubau,2017,Kota,29302.92993,7472,294.98648,-5.430032694039403,122.67526754702851
,448,0.227900733486,0.00108234161419,75,Gorontalo,7501,Boalemo,75,Gorontalo,7502,Boalemo,2017,Kabupaten,184035.93081,7501,1852.76074,0.6555993394361129,122.32587836924381
,449,0.119458406337,0.000678272739641,75,Gorontalo,7502,Gorontalo,75,Gorontalo,7501,Gorontalo,2017,Kabupaten,216380.06729,7502,2178.38141,0.6937946800927688,122.71075819951798
,450,0.143571879259,0.0004546546899,75,Gorontalo,7503,Pohuwato,75,Gorontalo,7504,Pahuwato,2017,Kabupaten,436118.76966,7503,4390.57553,0.6881180518748828,121.71103714382407
,451,0.0305311478649,2.97080435202e-05,75,Gorontalo,7504,Bone Bolango,75,Gorontalo,7503,Bone Bolango,2017,Kabupaten,190105.38486,7504,1913.86483,0.5331299970924822,123.2911431454798
,452,0.200769920952,0.000797105178286,75,Gorontalo,7505,Gorontalo Utara,75,Gorontalo,7505,Gorontalo Utara,2017,Kabupaten,170059.75433,7505,1712.05596,0.8860781037966813,122.66000381377009
,453,0.0768688253876,0.000200008090225,75,Gorontalo,7571,Kota Gorontalo,75,Gorontalo,7571,Gorontalo,2017,Kota,6726.66352,7571,67.71994,0.539453813949424,123.05579414696372
,454,0.103835403502,0.000284209593735,76,Sulawesi Barat,7601,Majene,76,Sulawesi Barat,7605,Majene,2017,Kabupaten,89407.61109,7601,900.08328,-3.167416678928875,118.91968133951116
,455,0.0902821313774,0.000413400684489,76,Sulawesi Barat,7602,Polewali Mandar,76,Sulawesi Barat,7604,Polewali Mandar,2017,Kabupaten,209268.85606,7602,2106.7451,-3.3119455599831022,119.14448117838847
,456,0.163914244051,0.00124394956766,76,Sulawesi Barat,7603,Mamasa,76,Sulawesi Barat,7603,Mamasa,2017,Kabupaten,297788.67375,7603,2997.90296,-2.9488046518090174,119.31189208704917
,457,0.293619378401,0.0033082720502,76,Sulawesi Barat,7604,Mamuju,76,Sulawesi Barat,7602,Mamuju,2017,Kabupaten,480377.81717,7604,4836.08977,-2.530675005155979,119.32496692861989
,458,0.288665777135,0.00271355122006,76,Sulawesi Barat,7605,Mamuju Utara,76,Sulawesi Barat,7601,Mamuju Utara,2017,Kabupaten,295343.24982,7605,2973.32345,-1.4856642101042288,119.5072072923238
,459,0.175401117632,0.00115897575689,76,Sulawesi Barat,7606,Mamuju Tengah,76,Sulawesi Barat,7606,Mamuju Tengah,2017,Kabupaten,287934.45272,7606,2898.72595,-2.0077678624582096,119.51843699999698
,460,0.375186139024,0.00587161625926,81,Maluku,8101,Maluku Tenggara Barat,81,Maluku,8103,Maluku Tenggara Barat,2017,Kabupaten,451069.75635,8101,4540.56694,-7.584403269203593,131.36764906687992
,461,0.117647071936,0.00075661556027,81,Maluku,8102,Maluku Tenggara,81,Maluku,8102,Maluku Tenggara,2017,Kabupaten,102233.00669,8102,1029.15262,-5.674753702693174,132.8903569832338
,462,0.0853633933918,0.00029355064693,81,Maluku,8103,Maluku Tengah,81,Maluku,8101,Maluku Tengah,2017,Kabupaten,813796.41313,8103,8192.6424,-3.15935989966076,129.29145096301465
,463,0.109607787906,0.00053148919518,81,Maluku,8104,Buru,81,Maluku,8104,Buru,2017,Kabupaten,447396.7719,8104,4504.01977,-3.3029380851024497,126.72128545301786
,464,0.542115862311,0.0156457604559,81,Maluku,8105,Kepulauan Aru,81,Maluku,8107,Kepulauan Aru,2017,Kabupaten,821810.72799,8105,8272.84558,-6.195864787642663,134.4504113378623
,465,0.389555947817,0.0068143960681,81,Maluku,8106,Seram Bagian Barat,81,Maluku,8106,Seram Bagian Barat,2017,Kabupaten,500627.39744,8106,5039.91262,-3.1334669972558187,128.35347843533975
,466,0.368795608812,0.00351272213249,81,Maluku,8107,Seram Bagian Timur,81,Maluku,8105,Seram Bagian Timur,2017,Kabupaten,583195.63062,8107,5871.12047,-3.415883664078097,130.4383098381614
,467,0.744670968935,0.0279730717754,81,Maluku,8108,Maluku Barat Daya,81,Maluku,8108,Maluku Barat Daya,2017,Kabupaten,468708.55571,8108,4718.08824,-7.823386987554771,127.32388067120573
,468,0.642229379752,0.0187002622355,81,Maluku,8109,Buru Selatan,81,Maluku,8109,Buru Selatan,2017,Kabupaten,415657.98498,8109,4184.48433,-3.5696048639061364,126.55282333999756
,469,0.123914134744,0.000458950599995,81,Maluku,8171,Kota Ambon,81,Maluku,8171,Kota Ambon,2017,Kota,29780.22126,8171,299.80099,-3.6771798357920877,128.1797045281591
,470,0.112700571824,0.00046439655791,81,Maluku,8172,Kota Tual,81,Maluku,8172,Kota Tual,2017,Kota,23319.68001,8172,234.75371,-5.553113332631026,132.46653751842126
,471,0.0488559891608,0.000102403883645,82,Maluku Utara,8201,Halmahera Barat,82,Maluku Utara,8201,Halmahera Barat,2017,Kabupaten,217781.09144,8201,2192.47955,1.3641783935751373,127.58966802629412
,472,0.361296673049,0.00272541262589,82,Maluku Utara,8202,Halmahera Tengah,82,Maluku Utara,8202,Halmahera Tengah,2017,Kabupaten,226546.07982,8202,2280.72795,0.40274106748661964,128.2821960219882
,473,0.170921446081,0.00153752869099,82,Maluku Utara,8203,Kepulauan Sula,82,Maluku Utara,8205,Kepulauan Sula,2017,Kabupaten,178987.85007,8203,1801.9271,-1.9632967008633935,125.83907455608579
,474,0.185417128937,0.000901167596284,82,Maluku Utara,8204,Halmahera Selatan,82,Maluku Utara,8204,Halmahera Selatan,2017,Kabupaten,815719.25606,8204,8212.15114,-0.8235483295334192,127.70511015063754
,475,0.382713233138,0.000692395448751,82,Maluku Utara,8205,Halmahera Utara,82,Maluku Utara,8203,Halmahera Utara,2017,Kabupaten,348022.97557,8205,3503.66704,1.5423150567150863,127.83106228613684
,476,0.623907198222,0.0142325185744,82,Maluku Utara,8206,Halmahera Timur,82,Maluku Utara,8206,Halmahera Timur,2017,Kabupaten,646911.8073,8206,6512.70144,1.0311732818683579,128.30855563949143
,477,0.153961627742,0.000392557823385,82,Maluku Utara,8207,Pulau Morotai,82,Maluku Utara,8207,Pulau Morotai,2017,Kabupaten,234677.72923,8207,2362.56745,2.316572985700195,128.44836091184416
,478,0.170631088749,0.00074151417023,82,Maluku Utara,8208,Pulau Taliabu,82,Maluku Utara,8208,Pulau Taliabu,2017,Kabupaten,299344.69104,8208,3013.60087,-1.818859949789612,124.74064209955654
,479,0.045918697501,7.79856859799e-05,82,Maluku Utara,8271,Kota Ternate,82,Maluku Utara,8271,Ternate,2017,Kota,16202.46065,8271,163.11632,0.8388326849972515,127.17256885981037
,480,0.0775668237183,0.00023284382571,82,Maluku Utara,8272,Kota Tidore Kepulauan,82,Maluku Utara,8272,Tidore Kepulauan,2017,Kota,168409.39494,8272,1695.44294,0.4851921048355661,127.67367006071122
,481,0.598529818164,0.00984596413973,91,Papua Barat,9101,Fakfak,92,Papua Barat,9203,Fak Fak,2017,Kabupaten,1101837.11179,9101,11092.41614,-3.0592979605554755,132.91208544589364
,482,0.564093200971,0.00943392775143,91,Papua Barat,9102,Kaimana,92,Papua Barat,9208,Kaimana,2017,Kabupaten,1622004.45905,9102,16328.92231,-3.61303349806227,134.02252031797124
,483,0.708064513515,0.018362574363,91,Papua Barat,9103,Teluk Wondama,92,Papua Barat,9207,Teluk Wondama,2017,Kabupaten,645227.52627,9103,6495.65228,-2.8228113020918952,134.37448736339238
,484,0.624935587398,0.0116329814511,91,Papua Barat,9104,Teluk Bintuni,92,Papua Barat,9206,Teluk Bintuni,2017,Kabupaten,2078085.31786,9104,20920.72563,-2.0030982905791928,133.308510859766
,486,0.23306833315,0.0028114157456,91,Papua Barat,9106,Sorong Selatan,92,Papua Barat,9204,Sorong Selatan,2017,Kabupaten,565033.7678,9106,5688.38295,-1.7166784648883764,132.15111985562763
,487,0.862166316,0.0304216677273,91,Papua Barat,9107,Sorong,92,Papua Barat,9201,Sorong,2017,Kabupaten,780103.76071,9107,7853.59182,-1.1165906216046027,131.56448723464018
,488,0.687928697482,0.00143848166655,91,Papua Barat,9108,Raja Ampat,92,Papua Barat,9205,Raja Ampat,2017,Kabupaten,780191.57147,9108,7854.47568,-0.9001476361814366,130.57427934381653
,489,1.90588700424,0.0885410900411,91,Papua Barat,9109,Tambrauw,92,Papua Barat,9209,Tambrauw,2017,Kabupaten,1173862.314,9109,11817.71871,-0.806709841623473,132.7511333662371
,490,0.16671971361,0.00125359262705,91,Papua Barat,9110,Maybrat,92,Papua Barat,9210,Maybrat,2017,Kabupaten,330484.95742,9110,3327.11057,-1.322247777460044,132.3756784814474
,491,0.543262164685,0.0181063242597,91,Papua Barat,9111,Manokwari Selatan,92,Papua Barat,9211,Manokwari Selatan,2017,Kabupaten,238475.51136,9111,2400.81457,-1.5930660926045703,133.97273598008962
,493,0.188388779875,0.00052334866076,91,Papua Barat,9171,Kota Sorong,92,Papua Barat,9271,Sorong,2017,Kota,29738.26837,9171,299.38643,-0.8704765906438268,131.33783800464067
,494,2.02950932646,0.0584634482384,94,Papua,9401,Merauke,91,Papua,9101,Merauke,2017,Kabupaten,4484555.28435,9401,45142.14821,-7.840149703675268,139.70434046029644
,495,0.0688467757439,0.000271147945591,94,Papua,9402,Jayawijaya,91,Papua,9102,Jayawijaya,2017,Kabupaten,265022.12915,9402,2667.99154,-4.088256158070627,138.86933795051496
,496,1.35168376958,0.0643733958147,94,Papua,9403,Jayapura,91,Papua,9103,Jayapura,2017,Kabupaten,1438760.27047,9403,14484.30216,-2.978903134852455,139.97582360159277
,497,0.273840471257,0.00308134900162,94,Papua,9404,Nabire,91,Papua,9104,Nabire,2017,Kabupaten,1230722.35858,9404,12389.87841,-3.376555491288597,135.58432543038532
,498,0.175253381944,0.00122639370258,94,Papua,9408,Kepulauan Yapen,91,Papua,9105,Kepulauan Yapen,2017,Kabupaten,243581.55461,9408,2452.21645,-1.7456981623012486,136.17413436330068
,499,0.12563326821,0.000454111483185,94,Papua,9409,Biak Numfor,91,Papua,9106,Biak Numfor,2017,Kabupaten,225295.04351,9409,2268.12946,-1.0039940460778705,135.84431533497525
,500,0.109340819747,0.000391481581425,94,Papua,9410,Paniai,91,Papua,9108,Paniai,2017,Kabupaten,472977.38893,9410,4761.50948,-3.8051988502703136,136.49284009488457
,501,1.3600667448,0.0755640332911,94,Papua,9411,Puncak Jaya,91,Papua,9107,Puncak Jaya,2017,Kabupaten,443579.34171,9411,4465.57918,-3.460215580962725,137.84375769327374
,502,1.26647489447,0.015298132994,94,Papua,9412,Mimika,91,Papua,9109,Mimika,2017,Kabupaten,1793779.72239,9412,18057.94245,-4.500496139802828,136.69388567346363
,503,0.672889824377,0.0278746534157,94,Papua,9413,Boven Digoel,91,Papua,9116,Boven Digoel,2017,Kabupaten,2391407.57553,9413,24073.47846,-5.987000924524434,140.36645217355553
,504,2.67672018989,0.193946809873,94,Papua,9414,Mappi,91,Papua,9117,Mappi,2017,Kabupaten,2616113.23565,9414,26335.17201,-6.495805617760449,139.3990145586796
,505,0.301750521822,0.00426560107673,94,Papua,9415,Asmat,91,Papua,9118,Asmat,2017,Kabupaten,2524572.18738,9415,25414.36465,-5.3690805198076275,138.56035063859574
,506,0.0483111125328,0.00013153232143,94,Papua,9416,Yahukimo,91,Papua,9113,Yahukimo,2017,Kabupaten,1470476.6008,9416,14803.25802,-4.48920644486582,139.60325048543234
,507,0.420640875688,0.00902051183583,94,Papua,9417,Pegunungan Bintang,91,Papua,9112,Kab Pegunungan Bintang,2017,Kabupaten,1538217.94082,9417,15485.19946,-4.51749718585348,140.53269475341327
,508,0.0661540013647,0.00021816266274,94,Papua,9418,Tolikara,91,Papua,9114,Tolikara,2017,Kabupaten,365742.1579,9418,3681.9796,-3.483927785594827,138.40858719051505
,509,0.340630348956,0.00308559182918,94,Papua,9419,Sarmi,91,Papua,9110,Sarmi,2017,Kabupaten,1406457.05617,9419,14159.1767,-2.471878085602691,139.00316703754345
,510,0.576283076708,0.0105112957522,94,Papua,9420,Keerom,91,Papua,9111,Keerom,2017,Kabupaten,911141.3189,9420,9172.60999,-3.332129541727913,140.68325992453882
,511,0.185806068386,0.00176871562222,94,Papua,9426,Waropen,91,Papua,9115,Waropen,2017,Kabupaten,1082124.84798,9426,10894.00925,-2.7469682459772082,136.72818551310243
,512,0.289017283682,0.00369743618929,94,Papua,9427,Supiori,91,Papua,9119,Supiori,2017,Kabupaten,67105.83143,9427,675.58014,-0.7320891587827743,135.56465243738694
,513,0.306024291949,0.00440614443173,94,Papua,9428,Mamberamo Raya,91,Papua,9120,Mamberamo Raya,2017,Kabupaten,2895978.99884,9428,29154.58316,-2.4896222340733956,137.96906678293686
,514,0.423332275435,0.0105828316275,94,Papua,9429,Nduga,91,Papua,9124,Nduga,2017,Kabupaten,701391.78885,9429,7060.90613,-4.427393078503478,138.24047338840816
,515,0.126977738651,0.000728073527404,94,Papua,9430,Lanny Jaya,91,Papua,9123,Lany Jaya,2017,Kabupaten,370431.8703,9430,3729.16324,-3.9856667853320538,138.27098218450453
,516,0.276744464611,0.0042249322122,94,Papua,9431,Mamberamo Tengah,91,Papua,9121,Mamberamo Tengah,2017,Kabupaten,309887.12534,9431,3119.67325,-3.6086341115859484,139.0276651416352
,517,0.58651233279,0.0209978306682,94,Papua,9432,Yalimo,91,Papua,9122,Yalimo,2017,Kabupaten,402121.6928,9432,4048.19782,-3.813879354213458,139.4585918219737
,518,0.353155866255,0.00755416462861,94,Papua,9433,Puncak,91,Papua,9125,Puncak,2017,Kabupaten,799757.99299,9433,8051.26321,-3.6195420391071496,137.4000323600759
,519,1.6433951823,0.080643962438,94,Papua,9434,Dogiyai,91,Papua,9126,Dogiyai,2017,Kabupaten,466740.65848,9434,4698.70809,-4.016855376919882,135.66759910673224
,520,0.279080933102,0.0044447012329,94,Papua,9435,Intan Jaya,91,Papua,9127,Intan Jaya,2017,Kabupaten,465084.06662,9435,4682.0653,-3.536387532808406,136.7448086261519
,521,0.732576839538,0.0252258683713,94,Papua,9436,Deiyai,91,Papua,9128,Deiyai,2017,Kabupaten,184679.12419,9436,1859.17278,-4.140289573526386,136.38461568497954
,522,0.284984737872,0.00414593240701,94,Papua,9471,Kota Jayapura,91,Papua,9171,Jayapura,2017,Kota,75982.23057,9471,764.93209,-2.659352331621906,140.80889644412335
,525,0.272926266265,0.00411766568214,91,Papua Barat,9112,Pegunungan Arfak,92,Papua Barat,9212,Pegunungan Arfak,2017,Kabupaten,328966.86193,9112,3311.82955,-1.1953920807666962,133.7338928350233
,532,0.12982310011,0.00100365264163,91,Papua Barat,9105,Manokwari,92,Papua Barat,9202,Manokwari,2017,Kabupaten,194594.20532,9105,1959.05336,-0.9083588052018189,133.8512580967311
,535,0.0594967271483,0.00015069864846,32,Jawa Barat,3207,Ciamis,32,Jawa Barat,3207,Ciamis,2017,Kabupaten,161932.3334,3207,1630.06095,-7.29053690285331,108.42864856238518
,536,0.0563375837505,0.000109547087395,17,Bengkulu,1704,Kaur,17,Bengkulu,1704,Kaur,2017,Kabupaten,255765.61763,1704,2574.78215,-4.60719695403005,103.40750472085702
